0.497,-0.138,0.648,1.523,-0.234,-0.234,1.579,0.767,-0.469,0.543,-0.463,-0.466,0.242,-1.913,-1.725,-0.562,-1.013,0.314,-0.908,-1.412,1.466,-0.226,0.068,-1.425,-0.544,0.111,-1.151,0.376,-0.601,-0.292,-0.602,1.852,-0.013,-1.058,0.823,-1.221,0.209,-1.96,-1.328,0.197,0.738,0.171,-0.116,-0.301,-1.479,-0.72,-0.461,1.057,0.344,-1.763,0.324,-0.385,-0.677,0.612,1.031,0.931,-0.839,-0.309,0.331,0.976,-0.479,-0.186,-1.106,-1.196,0.813,1.356,-0.072,1.004,0.362,-0.645,0.361,1.538,-0.036,1.565,-2.62,0.822,0.087,-0.299,0.092,-1.988,-0.22,0.357,1.478,-0.518,-0.808,-0.502,0.915,0.329,-0.53,0.513,0.097,0.969,-0.702,-0.328,-0.392,-1.464,0.296,0.261,0.005,-0.235,-1.415,-0.421,-0.343,-0.802,-0.161,0.404,1.886,0.175,0.258,-0.074,-1.919,-0.027,0.06,2.463,-0.192,0.302,-0.035,-1.169,1.143,0.752,0.791,-0.909,1.403,-1.402,0.587,2.19,-0.991,-0.566,0.1,-0.503,-1.551,0.069,-1.062,0.474,-0.919,1.55,-0.783,-0.322,0.814,-1.231,0.227,1.307,-1.607,0.185,0.26,0.782,-1.237,-1.32,0.522,0.297,14.569
0.25,0.346,-0.68,0.232,0.293,-0.714,1.866,0.474,-1.191,0.657,-0.975,0.787,1.159,-0.821,0.963,0.413,0.822,1.897,-0.245,-0.754,-0.89,-0.816,-0.077,0.341,0.277,0.827,0.013,1.454,-0.265,2.72,0.626,-0.857,-1.071,0.482,-0.223,0.714,0.473,-0.073,-0.847,-1.515,-0.447,0.856,0.214,-1.246,0.173,0.385,-0.884,0.154,0.058,-1.143,0.358,0.561,1.083,1.054,-1.378,-0.938,0.515,0.514,0.515,3.853,0.571,1.136,0.954,0.651,-0.315,0.759,-0.773,-0.237,-0.485,0.082,2.315,-1.867,0.686,-1.613,-0.472,1.089,0.064,-1.078,-0.715,0.68,-0.73,0.216,0.046,-0.652,2.144,0.634,-2.025,0.186,-0.662,0.852,-0.793,-0.115,0.505,0.866,-1.2,-0.335,-0.475,-0.653,1.765,0.405,-1.261,0.918,2.122,1.032,-1.519,-0.484,1.267,-0.708,0.444,0.775,-0.927,-0.06,-3.241,-1.024,-0.253,-1.248,1.632,-1.43,-0.44,0.131,1.441,-1.436,1.163,0.01,-0.982,0.462,0.199,-0.6,0.07,-0.385,0.114,0.662,1.586,-1.238,2.133,-1.952,-0.152,0.588,0.281,-0.623,-0.208,-0.493,-0.589,0.85,0.357,-0.693,0.9,0.307,0.813,0.63,7.47
-0.829,-0.56,0.747,0.61,-0.021,0.117,1.278,-0.592,0.547,-0.202,-0.218,1.099,0.825,0.814,1.305,0.021,0.682,-0.31,0.324,-0.13,0.097,0.595,-0.818,2.092,-1.006,-1.214,1.158,0.792,0.624,0.628,-0.012,-0.897,0.076,-0.677,0.975,-0.147,-0.825,-0.321,0.413,-0.564,-0.822,0.244,0.245,-0.507,-0.471,0.232,-1.448,-1.407,-0.718,-0.213,0.311,1.475,0.858,-0.16,-0.019,-1.003,-0.019,-0.289,0.323,-0.827,0.519,1.533,-0.109,0.402,0.69,-0.401,0.224,0.013,0.098,-0.773,0.025,0.498,1.451,0.959,2.153,-0.767,0.872,0.183,2.19,-0.808,-0.84,-0.599,-2.124,-0.526,-0.759,0.15,0.342,1.876,0.95,-0.577,-0.898,0.492,-1.32,1.831,1.179,-0.469,-1.713,1.354,-0.115,1.238,-1.594,-0.599,0.005,0.047,-0.45,0.623,-1.068,-0.142,0.12,0.514,0.712,-1.125,-1.534,1.278,0.332,-0.748,1.551,0.116,1.179,0.068,2.061,1.755,-0.249,0.972,0.645,1.369,-0.965,0.686,1.058,-1.759,-1.183,-2.039,-0.269,0.718,1.502,0.074,1.629,-1.38,-1.703,-0.056,0.384,-0.033,-2.067,-0.089,-1.304,0.67,0.367,-0.94,-0.514,-1.059,-7.707
-0.063,0.955,-0.986,0.504,-0.53,-0.793,-0.107,-1.035,-0.554,-1.198,1.965,0.035,-0.7,0.214,-0.112,-0.221,0.614,0.758,-0.531,-0.576,-0.275,-2.302,-1.515,1.367,1.645,-0.249,0.577,0.311,3.079,1.12,-0.128,-0.956,-1.606,0.203,-0.756,-1.422,-0.647,-1.082,1.687,0.882,-0.008,1.48,0.077,-0.861,1.523,0.539,-1.037,-0.19,-0.876,-1.383,0.926,1.909,-1.399,0.563,-0.651,-0.487,-0.592,-0.864,0.049,-0.831,0.27,-0.05,-0.239,-0.908,-0.577,0.755,0.501,-0.978,0.099,0.751,-1.669,0.543,-0.663,0.571,-0.763,-1.805,-1.628,0.048,0.26,-0.904,0.639,-1.662,-0.066,-1.211,-0.652,0.047,-0.86,-0.385,1.006,-0.577,0.836,-1.13,0.53,1.442,-2.472,-0.797,0.577,-0.203,0.371,-0.604,0.087,-0.156,1.168,0.254,0.338,-0.412,-0.488,-0.433,0.394,-0.421,0.29,2.075,0.871,-0.326,1.201,-0.408,-2.038,-1.008,-1.871,-0.352,0.018,1.676,0.327,-0.219,0.829,-2.211,0.236,0.771,-1.479,1.144,0.338,-0.415,0.633,2.271,0.182,0.248,-0.459,-0.85,0.83,-0.856,0.072,-0.478,0.479,0.334,1.038,-0.51,-0.27,-0.979,-0.444,0.377,0.807
0.757,-0.922,0.87,1.356,0.413,1.877,-0.774,-1.245,-1.779,1.496,0.654,-0.056,0.28,-1.125,2.446,0.129,0.109,0.726,0.481,0.224,-0.79,0.471,1.882,1.345,1.593,-0.511,-0.99,-0.126,0.056,1.094,-1.692,1.53,-0.158,-0.427,-1.012,-1.655,0.823,0.073,-1.29,-1.295,-0.336,1.669,-0.26,-1.503,-0.246,-0.273,-2.697,-0.054,-0.231,0.696,1.849,1.127,-0.269,-1.107,2.573,0.059,0.014,-0.024,0.198,-0.144,-0.574,-0.547,-0.033,-0.543,-0.713,0.106,-0.255,1.504,-2.651,1.092,1.246,-2.073,-0.343,-0.371,-1.408,-0.778,-1.111,1.752,0.936,1.272,0.722,-1.129,-0.525,0.489,-1.222,0.713,-0.24,-0.375,0.711,0.444,-0.361,1.159,-1.081,0.616,0.593,-0.31,0.326,-1.251,0.924,-0.185,-0.523,1.049,-0.704,-1.408,-1.557,0.606,-1.28,1.755,-2.082,1.696,0.211,-0.097,-0.545,0.399,-0.038,1.103,0.114,0.15,-0.364,-0.057,0.308,-1.71,-1.348,0.743,0.171,-0.184,0.018,0.348,-0.54,-0.778,0.196,-0.978,0.408,-1.703,1.029,0.473,0.256,0.983,1.665,1.014,-1.841,-1.28,-0.625,0.026,0.518,-0.726,0.187,-0.755,-0.612,-1.407,-0.246
-0.923,-1.352,-0.976,1.054,-0.949,2.632,0.493,0.185,-0.858,0.7,-0.576,0.122,2.56,-0.096,1.149,-0.703,-0.035,1.771,-0.627,1.812,0.708,-0.562,0.632,0.973,0.622,-1.57,-0.727,-0.248,-0.074,0.621,0.178,-1.335,0.38,0.611,0.56,1.081,0.834,0.459,-0.07,-1.661,0.43,0.208,0.272,-1.277,-1.081,1.053,-0.04,0.682,0.028,0.03,0.938,-0.516,0.096,-0.462,-0.434,-0.309,0.222,-0.479,1.256,-0.895,-0.187,-0.44,1.447,0.197,1.032,-1.486,0.267,0.89,0.082,1.065,-0.517,1.409,2.299,-0.363,-0.446,1.453,1.58,-0.523,-0.42,-0.282,-1.344,-0.919,-1.004,-0.768,-0.035,0.234,1.551,-0.998,0.984,-0.214,-0.049,0.675,-1.123,0.382,0.166,0.492,0.289,2.455,-0.638,-0.531,-0.623,-0.555,-0.637,1.189,1.421,-0.571,-0.832,0.471,-0.552,0.633,0.203,-1.516,1.548,1.796,-0.613,-0.388,0.286,0.334,0.659,2.01,-0.177,-0.798,-1.379,-0.731,-0.033,1.795,-0.518,0.224,-0.016,1.188,2.527,-0.531,-0.489,1.044,0.682,1.847,0.584,-0.359,0.591,1.109,0.82,0.507,1.067,1.169,1.382,0.649,-0.167,0.147,1.207,-0.817,2.006
0.369,-0.393,0.029,1.278,0.191,0.046,-1.36,0.746,0.645,2.163,-0.308,0.219,0.249,1.577,-0.095,0.279,0.608,0.187,-0.446,0.194,1.074,-1.027,0.133,-0.7,1.195,-1.523,-0.559,0.377,1.566,-0.066,-0.555,1.881,-1.448,-2.199,0.44,-0.502,-1.021,0.708,0.244,-0.564,-1.28,0.872,0.65,-0.099,1.847,-1.07,-1.526,-0.692,-0.046,0.243,-0.241,0.352,-1.252,1.444,-0.082,1.117,0.343,0.457,0.57,0.448,0.643,1.329,0.197,0.709,-0.09,1.44,-0.676,1.801,-0.04,-1.431,0.128,-0.681,0.841,-0.653,-0.446,-1.89,-0.452,-2.424,-1.584,0.76,0.786,0.425,-0.967,-0.048,-0.004,-1.158,1.503,0.877,-0.221,0.027,0.208,-2.042,-0.247,-0.682,-1.002,-0.281,1.798,0.641,-0.571,0.573,1.399,0.925,0.06,-0.647,0.698,0.393,0.895,0.635,1.05,-0.535,1.317,0.198,2.075,-0.689,1.736,0.198,-0.651,-0.484,-0.32,0.424,0.523,-0.574,-0.024,2.142,1.728,0.436,0.038,0.12,0.614,-1.023,-0.257,-1.669,0.399,0.647,-0.483,1.574,-1.226,-1.464,0.224,1.047,1.684,-0.459,1.079,-0.039,-0.173,0.884,0.652,-1.576,1.477,1.38,0.751
-0.626,0.396,0.494,0.261,-0.55,-0.672,-0.026,1.173,0.544,-0.371,0.772,-2.849,1.149,-1.74,-0.362,-1.12,-1.295,1.161,-0.468,0.347,-0.047,0.477,0.077,-1.283,0.996,-0.494,-1.557,-0.428,1.501,0.85,-0.349,-0.349,-0.322,2.077,0.382,0.43,1.03,0.239,-0.259,-0.196,-0.072,-0.037,0.728,0.052,0.733,-0.081,0.079,-1.998,0.916,0.346,0.998,-2.896,2.088,-0.14,1.108,-1.04,0.613,-1.053,-0.624,1.914,-0.191,0.217,0.87,0.496,0.15,0.365,2.403,-0.058,0.201,1.051,1.106,1.187,0.639,-1.143,1.633,-1.146,0.303,-0.754,-0.064,0.329,0.321,0.422,1.614,0.454,-0.244,0.964,1.189,-1.228,0.597,0.701,-0.298,1.376,-0.15,0.126,-0.173,0.016,-1.096,-1.44,1.595,-0.847,-0.991,-2.153,-0.639,-1.323,1.642,1.01,-0.688,2.252,0.982,-0.325,-2.499,2.291,-1.39,-1.645,1.023,2.44,1.384,0.564,0.595,0.853,0.759,0.281,0.104,-0.063,-0.754,-0.281,-1.693,-0.098,-0.989,-1.104,0.18,1.392,0.918,-1.571,-0.99,0.941,-0.982,-0.225,0.55,-0.968,0.105,-1.334,-0.601,0.32,-1.593,0.44,-0.02,0.552,0.224,1.364,13.381
0.125,-0.429,0.122,0.543,0.049,0.041,-0.702,-0.663,-1.403,1.75,-1.244,-0.693,-0.718,0.895,-0.295,1.248,-0.673,0.279,-0.835,2.145,-1.188,0.31,0.634,0.414,-0.185,-0.13,0.044,-0.147,0.964,2.211,-0.557,-1.37,-0.088,2.58,-0.804,1.639,1.678,-0.554,0.569,1.628,-0.379,-0.204,-0.582,-1.015,-0.649,-1.224,0.034,-0.77,0.234,-1.556,0.331,0.834,-1.994,0.374,1.228,-1.21,1.673,0.419,-0.705,-0.056,0.558,0.076,0.539,-0.921,0.169,-1.414,-0.111,-0.904,-0.736,1.236,1.091,0.609,-1.092,-0.316,1.213,0.142,2.319,0.393,0.192,-0.309,0.134,-0.152,0.708,0.957,-0.786,-1.331,-1.836,0.508,-1.103,-2.153,0.389,2.493,-0.006,0.838,0.082,-0.099,0.919,-0.29,0.267,0.322,-0.668,0.992,-0.175,-0.756,0.537,-0.898,0.028,-0.009,1.086,0.475,-0.025,0.818,1.39,0.558,0.01,-1.312,-1.065,-0.305,-0.61,-0.187,0.057,0.53,-0.07,0.487,0.064,-1.975,-0.939,-0.144,-1.21,0.6,1.531,1.219,-0.213,1.491,0.149,-0.337,-0.613,-0.302,-0.388,0.17,0.161,0.003,0.437,1.191,0.95,-1.485,-2.554,0.934,-1.367,-0.225,10.007
-1.17,-1.802,0.541,0.759,-0.577,-2.591,-0.546,0.392,-1.479,0.183,-0.015,0.579,0.12,-0.973,1.197,-0.159,-0.027,-0.933,-0.443,-0.885,-0.173,1.712,-1.372,-1.614,1.471,-0.209,-0.669,1.04,-0.606,1.826,0.678,-0.488,2.157,-0.606,0.742,0.299,1.302,1.562,0.032,-0.753,0.46,-0.678,2.013,0.137,-0.365,0.185,-1.347,-0.972,1.2,-0.657,-1.047,0.537,1.186,0.719,0.996,-0.757,-1.422,1.501,-0.323,-0.251,1.328,0.556,0.456,2.165,-0.644,0.928,0.057,0.269,1.528,0.508,0.538,1.073,-0.365,-0.839,-1.045,-1.966,2.056,-1.103,-0.221,-0.277,0.307,0.816,0.86,-0.583,-0.167,0.283,-0.249,1.607,0.491,0.735,0.663,1.173,0.181,-1.297,0.4,-0.651,-0.529,0.586,1.238,0.021,0.309,1.702,0.241,2.602,0.566,-1.761,0.753,0.381,1.29,0.673,-0.138,-1.224,-0.209,-0.851,-0.581,0.589,1.67,0.395,-1.196,0.445,1.197,-0.61,-0.134,0.015,-0.785,0.648,-0.121,0.42,-0.887,-0.437,0.722,-0.373,1.727,-0.4,0.225,0.933,-1.418,-1.761,-1.526,1.263,-0.552,2.558,-0.564,0.185,1.542,2.006,2.062,1.208,1.024,0.593,1.5
0.778,-0.551,-0.818,-0.003,-0.17,-0.453,0.696,0.955,0.088,1.478,-1.142,-0.194,-0.717,-1.867,-0.083,-0.122,1.513,0.631,-1.024,1.854,1.221,0.582,-0.226,-0.959,-0.372,1.089,1.885,1.543,-0.489,-1.12,0.141,-1.768,0.323,-0.148,-0.466,-1.595,0.514,-0.533,-1.17,-2.872,-0.028,1.772,1.661,-0.457,-0.602,0.469,-0.998,0.302,0.766,1.227,-0.1,-0.204,-0.878,-0.827,-0.226,0.367,0.914,-0.803,1.493,-0.271,-0.021,-0.747,-2.424,0.884,0.737,-0.281,0.067,0.516,-1.563,-0.529,0.794,-1.254,0.294,-1.357,0.466,-0.036,-1.615,1.165,-0.735,-0.81,0.201,1.149,-1.016,0.062,0.429,0.693,0.176,-0.367,-0.828,0.086,-1.072,-2.921,0.437,0.904,-2.363,-1.01,0.619,2.057,0.021,-0.728,-0.183,1.375,-0.646,-0.799,-0.483,-0.953,0.123,1.625,0.323,-0.252,-0.292,-1.563,0.883,-0.078,-0.18,3.193,0.299,-0.752,-0.426,1.148,0.113,-1.438,0.919,-0.668,1.873,1.08,-0.447,1.281,0.068,0.853,0.485,-0.846,-0.644,1.03,-0.335,-0.404,-0.955,0.424,2.063,-1.068,0.024,1.412,-0.08,0.452,-1.062,0.428,-0.187,0.986,1.187,2.59,6.613
0.58,0.326,0.194,-0.353,0.338,-0.295,0.168,1.318,-1.007,1.14,1.317,-0.118,-2.122,-0.608,1.297,-0.023,-0.999,-0.505,0.841,0.547,-0.239,-0.367,-0.392,-0.922,1.615,-0.322,1.217,1.521,0.998,-0.432,0.404,-0.024,-0.904,0.324,-1.179,1.188,-0.465,0.201,0.283,-0.259,0.587,-0.475,0.871,-1.346,0.126,1.939,-1,-0.678,0.514,0.18,0.351,0.489,0.635,1.11,0.41,-0.241,0.673,1.9,-0.133,-0.975,1.107,-0.12,-2.173,0.847,-0.535,-0.091,0.332,0.19,0.709,-0.435,0.513,-0.26,0.739,0.615,-0.935,1.086,-0.536,0.808,0.367,1.838,-0.223,-0.349,-0.019,-0.303,0.8,-1.616,-1.054,-1.068,0.95,1.711,-0.104,-0.169,0.07,1.162,-0.927,0.238,0.975,0.501,0.19,1.001,-2.703,0.678,-0.654,-1.831,0.511,1.374,-0.137,0.953,1.612,1.315,1.64,0.742,0.075,-1.602,-0.246,-0.843,2.171,-0.176,0.123,0.551,0.044,1.695,-0.623,0.195,-0.742,-1.32,-0.612,-0.037,-0.429,-0.692,-1.406,-0.083,-1.505,0.76,0.082,-1.458,-0.309,-0.752,0.319,1.34,-1.875,0.115,-0.16,0.671,0.213,-0.752,-0.319,-0.796,1.076,0.021,-1.354
1.901,-0.061,-0.708,-1.514,-1.803,-1.584,0.267,0.509,-1.581,0.895,-0.483,0.147,1.612,0.897,-0.269,-0.891,-2.152,-0.719,-0.211,-0.987,-0.131,0.077,-0.225,-0.65,0.169,0.442,-1.09,1.411,-0.099,0.019,0.708,0.233,0.953,0.287,-0.612,0.362,-1.144,0.109,-0.033,-0.208,-0.129,-1.882,-0.549,0.093,0.16,-1.028,1.266,-0.866,0.969,0.427,-0.646,1.775,-1.194,0.919,1.001,-0.671,1.392,-0.25,0.289,0.26,-0.134,0.811,0.793,-1.749,1.304,-1.662,1.033,1.127,-1.091,-0.411,-1.106,-0.215,-0.308,0.78,1.31,1.396,-0.562,-0.209,-1.683,-0.806,0.965,1.616,-1.234,-0.592,-0.026,0.28,-0.81,0.424,-0.474,-0.014,0.546,0.006,-0.436,-0.11,-0.088,-0.37,-0.259,1.599,0.561,-0.295,0.697,-0.334,1.173,0.37,-0.107,0.448,-1.571,-1.127,-1.194,0.143,1.733,2.231,0.638,0.501,-1.801,-0.543,-0.788,-0.621,-0.168,-0.472,-1.979,0.748,-1.073,0.239,2.074,-0.919,-2.53,-0.286,1.101,1.958,-1.23,0.497,-0.465,-0.106,2.644,-1.503,0.254,0.468,1.086,0.098,0.308,-0.392,0.269,-0.343,0.622,-0.37,0.377,-0.029,1.126,-0.051,-4.29
-1.773,1.262,-0.906,-0.654,-0.596,1.374,-2.136,3.138,1.056,0.223,-0.055,0.286,0.521,0.645,0.556,0.09,-0.197,-0.151,-0.195,1.134,0.594,-2.94,0.656,0.195,-0.019,-0.389,1.124,0.948,-0.773,0.407,-0.972,-1.38,-0.627,0.862,0.953,0.513,0.725,0.516,-0.641,0.432,0.8,0.754,1.189,0.708,0.351,1.07,-0.027,-0.882,-0.163,-0.745,-0.675,-0.145,-0.792,-0.308,-1.894,0.213,0.001,-0.817,0.659,0.938,-1.608,-0.763,-0.769,-0.94,0.829,-0.194,-0.265,-2.004,0.635,-1.239,0.06,0.277,1.361,-1.309,-3.02,0.184,1.801,1.239,0.21,-0.492,0.807,-0.974,0.476,0.505,1.06,2.76,0.392,-0.509,-0.026,-1.769,-0.695,-0.409,-0.524,0.152,-0.822,1.121,0,-0.009,-0.328,0.155,0.825,-0.867,-0.658,-0.304,-1.346,-0.819,-0.476,0.874,0.263,0.194,0.851,-0.137,0.39,-0.103,0.265,-0.583,-2.439,-0.134,1.423,0.926,0.965,1.236,0.089,0.197,-0.618,-0.316,0.616,1.204,-0.139,-0.45,0.001,0.601,-1.444,-2.296,-0.551,-1.221,-0.508,-0.148,-0.453,1.452,0.327,0.3,0.622,-1.139,1.039,-0.076,0.67,-1.072,-1.554,0.818,-3.859
0.376,-0.902,-0.87,1.125,-1.189,1.643,-0.901,0.638,-0.329,0.603,-0.544,-0.163,0.041,-1.002,0.741,-0.513,-0.229,-0.994,-2.562,-0.191,2.413,0.785,-0.019,-0.263,0.022,0.547,-1.181,1.114,0.715,0.718,0.438,0.02,0.673,0.592,-0.354,-0.574,0.102,1.549,-1.239,-1.468,0.165,0.051,0.173,0.244,-0.223,1.49,-1.601,-0.828,-0.103,-1.643,-0.176,1.661,0.021,0.231,-1.26,-0.616,-0.375,-0.318,1.282,0.558,-1.111,0.247,0.498,1.14,1.581,-1.015,-0.811,-1.258,-0.234,0.466,0.987,-0.076,-0.32,0.152,-0.835,2.09,-1.608,0.185,2.024,0.007,-0.19,-0.357,-0.18,1.373,-2.212,1.533,-1.424,-0.267,-0.429,0.589,-1.598,0.462,2.024,-1.363,0.19,-0.662,0.426,0.019,-0.641,0.488,1.804,-0.191,0.72,-1.293,-0.956,0.472,1.484,0.356,-0.313,-0.001,-1.25,0.605,0.882,-0.452,-0.47,0.266,-0.437,-0.066,2.1,-0.247,-0.358,-0.648,0.744,-0.181,-0.649,1.321,1.42,-0.6,-1.867,1.008,-0.685,0.791,-1.97,0.893,-1.211,0.731,0.014,-0.954,-0.407,0.686,0.106,0.584,1.976,-1.564,1.617,0.104,-0.899,-1.33,-0.189,0.922,12.241
-0.128,1.511,-1.451,-0.012,-1.252,0.364,0.887,-0.421,-2.604,0.199,0.437,0.404,1.236,-1.071,0.68,1.193,-1.779,0.32,-0.504,-0.082,0.348,-0.487,-0.676,0.034,-1.087,-1.086,0.679,-1.149,0.666,0.463,-1.726,-0.678,1.194,-0.981,-0.464,0.462,0.783,-0.252,-0.598,1.422,1.739,0.979,0.085,-0.808,-0.83,0.523,0.418,1.402,0.65,-1.503,1.052,-0.998,-0.384,0.25,1.996,3.11,0.607,-0.183,0.535,0.888,-0.321,1.795,0.23,0.498,0.666,0.422,0.839,-0.617,-0.558,-1.1,0.44,0.779,0.458,1.674,-0.006,0.669,-1.092,-0.387,0.696,0.849,-0.294,-0.072,-1.518,-0.357,0.89,0.575,0.501,0.05,0.007,-0.66,0.699,0.421,0.492,-0.526,-2.153,1.097,-0.479,-0.863,0.693,-0.392,1.06,0.617,0.684,-1.366,1.212,0.261,-0.369,0.143,-1.776,0.409,-1.029,-1.353,-1.522,1.113,-0.629,1.534,-0.536,-1.707,-1.117,1.236,-0.156,-0.548,0.16,0.502,1.117,1.448,-0.36,-1.326,-0.413,0.26,-0.964,-0.957,0.344,-0.049,0.033,-0.758,-0.23,-0.924,0.89,1.035,-1.846,-0.93,-1.497,-0.65,-0.083,-1.45,-0.922,-1.004,0.207,0.069,3.998
-0.722,0.177,-0.547,-0.272,1.673,1.34,-1.3,0.83,0.811,-1.148,0.819,1.538,-1.123,-0.918,1.018,0.271,0.551,0.341,0.391,-1.326,1.047,1.17,-0.229,-0.043,-1.531,0.514,0.572,-0.062,1.124,-0.334,0.565,-1.02,-0.024,-0.174,0.225,-0.37,-0.131,0.826,-0.437,-1.607,1.75,1.381,-1.292,0.69,-0.503,0.263,0.294,-0.234,-0.784,-0.691,-0.916,-0.832,-0.067,-0.716,0.682,1.487,-0.58,0.239,0.5,0.472,0.076,0.743,0.482,-1.238,0.869,0.887,-0.763,0.038,0.683,-0.209,1.073,2.364,-0.786,-1.381,0.304,0.722,-0.231,1.453,-1.339,0.693,-0.606,1.719,1.993,-0.767,-0.55,0.86,-0.387,-0.045,0.025,-1.92,-0.014,-0.69,-0.493,1.444,-1.257,0.813,-0.279,-0.28,0.79,0.34,0.571,0.968,-0.331,-0.612,-1.085,-0.825,2.949,1.245,-1.351,-1.322,0.482,0.547,0.549,-0.255,-0.125,0.328,0.086,-2.219,-0.23,-0.851,0.175,2.985,0.367,-0.314,0.922,0.483,0.42,0.607,2.057,-1.131,0.474,-0.926,0.556,-0.919,-0.417,-0.295,0.976,0.918,-1.246,0.055,-0.71,-1.259,-0.217,-0.308,2.427,0.433,-1.378,-0.565,1.021,2.088,11.097
-1.586,-1.88,1.871,0.39,-0.868,0.535,-2.636,0.003,0.328,0.924,-1.014,0.086,-0.925,0.255,-0.895,-0.408,-0.996,0.651,0.858,-0.235,0.038,-1.449,-0.3,-0.05,2.621,-1.112,1.464,0.997,0.281,1.759,0.372,0.389,-0.053,1.224,1.096,-0.626,-1.319,-0.203,-0.8,-0.064,1.237,-0.457,-0.043,0.058,0.848,-2.247,-0.607,0.211,1.2,-0.492,-1.877,0.62,-0.635,-1.19,-0.624,-0.185,-0.605,-2.206,0.897,1.275,0.652,-1.138,-0.201,-0.007,0.599,0.668,-0.734,0.082,0.457,1.456,0.705,0.789,0.084,1.41,0.41,-0.861,1.403,0.698,-0.443,-0.479,0.297,0.463,0.197,0.311,1.7,1.072,0.191,0.941,-1.033,0.398,1.809,-0.218,-0.848,-0.652,-1.09,-0.785,-0.371,-1.406,0.016,0.902,-0.908,1.519,0.511,1.031,-0.658,0.855,-1.092,0.89,0.172,0.553,-1.176,-0.895,0.597,-0.948,0.463,-1.367,0.848,-1.233,0.552,0.626,-0.697,0.582,0.26,-0.539,-1.009,-1.963,0.35,-1.565,0.095,-0.263,0.679,-0.302,-0.329,0.732,0.335,0.316,0.469,-1.536,0.757,0.612,-1.017,-0.244,-0.039,-0.134,0.334,1.431,1.082,-1.312,0.622,1.329,2.137
0.387,1.091,2.012,1.024,0.249,1.045,0.145,0.024,-0.351,1.563,-0.818,1.532,0.5,-1.399,0.368,-2.1,0.626,0.885,-0.592,0.124,1.954,-0.506,-1.059,1.482,1.963,0.004,1.011,1.341,-0.742,-0.485,1.231,1.685,0.563,-0.88,1.987,-0.531,-0.335,0.342,1.554,0.854,0.415,0.463,0.044,0.558,-2.53,-0.297,0.241,-1.151,0.386,-0.204,1.755,1.573,-0.466,-0.151,-0.074,-0.452,0.195,-0.758,-1.131,0.623,0.63,-0.804,0.895,-0.632,0.253,0.82,-0.034,0.455,-0.516,-0.196,-0.206,-0.747,-0.177,-1.549,-0.491,-0.285,-0.256,-0.241,-0.062,0.479,0.875,-0.65,-1.203,-1.042,-0.487,-0.352,-0.77,-1.296,-0.456,0.181,0.595,-0.557,-0.413,-0.927,-0.031,-0.848,0.573,-1.786,-0.36,0.301,0.184,2.693,0.35,-1.004,-0.095,-1.776,-0.081,-0.833,0.915,-0.55,-0.117,-0.636,1.739,-0.321,1.833,0.814,0.482,0.369,0.394,-1.928,-0.279,0.845,-0.049,-1.405,-0.052,1.704,1.247,-0.062,0.951,-0.367,-1.704,-0.924,1.563,-0.274,-0.243,-0.3,1.904,1.626,2.219,-0.159,0.296,-1.517,1.477,-1.168,0.217,-1.097,-0.589,-0.837,-0.608,-0.539,-9.164
-0.548,0.833,-1.105,0.221,1.218,-0.513,-0.718,-0.231,1.18,0.194,-0.531,0.484,-1.102,0.681,0.409,-0.308,-0.839,-0.887,0.535,1.229,-0.637,0.458,-2.087,-0.585,-0.031,-0.91,-0.937,-0.668,0.292,-0.187,-2.238,-2.121,-0.607,0.458,-2.748,-0.5,-0.526,1.388,-0.385,0.383,0.141,-2.131,0.768,0.215,0.508,3.926,-2.084,1.725,-0.287,0.287,-0.046,-0.424,-0.57,0.33,-1.517,0.751,-0.416,-1.13,-0.45,1.257,-0.535,0.358,-0.731,0.758,0.686,1.849,-0.176,0.669,0.098,1.296,-0.719,0.745,-0.195,-0.064,0.092,0.252,-0.116,0.215,1.578,0.985,0.869,-0.456,-0.889,0.955,0.876,1.473,-0.604,-0.23,-1.639,-0.392,0.997,-0.466,0.64,-0.191,0.324,-1.148,0.085,-2.991,-0.187,-1.63,1.206,0.777,0.467,1.521,-0.949,1.747,0.932,-0.237,1.136,-1.106,-0.825,-0.609,-0.529,-1.057,1.223,-0.259,0.353,-0.57,-1.821,0.27,-1.912,-0.069,-1.368,1.987,0.911,0.106,1.264,-0.846,0.543,0.2,0.264,1.272,0.732,0.289,-1.655,-0.96,-0.123,0.093,-1.13,2.412,1.516,0.602,0.072,-0.212,-0.952,0.077,0.258,-1.242,0.334,-0.155,7.589
-1.908,-0.86,-0.414,1.888,0.557,-1.335,0.486,-1.547,1.083,-0.471,-0.094,1.326,-1.287,-1.397,-0.584,1.038,-1.519,-2.832,-0.451,0.552,1.2,-0.463,-0.411,1.154,-1.87,-0.389,0.19,0.449,-0.51,0.034,-2.488,-0.658,0.454,-0.982,0.059,0.447,-0.343,0.17,-0.963,-0.207,0.61,0.157,-0.587,0.224,0.715,-2.05,1.159,-0.336,0.425,1.197,-1.372,-0.709,-0.289,-0.784,1.735,-0.857,-0.556,0.204,-1.202,-0.396,0.317,-0.333,-0.093,-0.529,-1.514,0.322,1.755,0.018,0.225,0.693,-1.269,1.703,0.202,1.632,-0.733,1.818,0.775,0.553,0.234,-0.249,1.201,0.14,-1.967,-1.117,-0.186,0.31,-0.057,1.219,-1.951,0.144,-1.818,0.76,-0.094,0.42,-0.864,1.279,1.042,0.584,-0.13,0.58,-0.707,0.856,1.649,1.071,-0.73,0.361,-1.293,0.572,0.451,-1.87,-1.162,-0.283,-0.301,-1.209,0.389,0.251,-0.194,-0.756,1.049,1.655,-0.484,-0.612,0.491,-0.358,-0.139,0.74,-1.909,1.318,0.073,-0.411,-0.089,-0.038,-1.731,1.495,0.041,0.443,0.952,-1.021,0.473,-0.268,0.847,-2.127,-0.099,-0.603,0.432,0.47,-0.708,-0.712,-0.111,-0.897,-4.433
0.842,-0.369,-2.907,-0.375,-1.039,-1.631,-1.237,0.109,1.329,0.313,-0.607,0.456,-0.459,-0.695,-1.154,-1.752,-0.39,0.158,-0.097,-0.416,-0.946,0.608,-1.317,0.776,-1.002,-0.752,-1.467,-0.501,0.975,0.516,0.978,0.522,-1.104,-0.331,-0.78,1.331,-1.197,0.894,0.893,1.83,-0.41,0.712,2.282,-0.618,-1.535,-1.88,0.713,-1.883,-0.372,0.437,0.185,0.425,0.222,1.279,-0.952,-0.677,-0.773,0.83,0.9,0.451,1.183,-1.178,1.667,1.523,0.736,1.782,-1.657,-0.524,-0.735,0.721,-1.05,0.757,1.371,0.695,0.284,-0.988,-0.847,1.25,0.779,-0.039,-0.418,-2.026,-1.071,1.911,-1.28,0.189,1.007,-1.255,0.185,0.938,0.012,2.868,-1.669,1.059,-0.173,0.772,0.441,-0.733,0.229,-1.858,0.603,0.298,0.639,1.058,0.368,0.148,-0.881,-0.712,1.187,1.436,-0.238,0.046,-0.905,1.173,0.665,1.941,-0.878,-0.378,0.231,0.646,-0.216,-0.873,0.881,0.721,-0.916,1.355,1.17,0.134,0.08,0.554,-0.862,0.03,-2.152,0.876,-1.561,1.503,-0.33,-0.212,-0.628,-0.288,1.419,-2.488,1.277,0.338,-1.207,-1.075,1.676,-0.946,-1.153,1.137,-1.438
0.339,-0.938,0.217,-1.026,1.101,1.061,0.532,0.362,1.761,0,-1.182,0.449,2.086,-1.015,-0.361,0.416,-0.054,-0.982,1.122,2.32,0.196,-0.904,-1.549,0.258,1.104,0.475,-0.002,-0.589,-1.092,0.835,0.914,-1.546,1.59,0.574,1.4,-1.342,-1.366,-0.149,0.503,1.796,0.706,-0.243,-1.026,1.23,-0.965,1.628,-0.284,1.591,0.679,-0.137,-0.519,-0.341,0.428,0.077,-0.594,-0.166,0.079,-2.129,0.458,-0.98,-1.153,-1.687,-1.794,-1.355,-0.709,1.953,-0.526,0.178,0.4,0.131,-0.077,-1.195,1.451,1.807,-1.683,-1.024,-0.28,-0.965,0.506,-0.728,2.165,1.191,0.213,1.027,1.106,-0.564,-0.816,0.078,0.862,0.139,-1.577,-0.803,-0.074,-0.076,1.973,-1.386,0.506,1.489,2.271,-0.404,0.491,0.57,0.195,-0.099,0.436,-2.532,0.682,0.126,-0.222,2.047,-0.675,-0.403,1.992,-0.832,-0.55,-0.147,0.841,0.208,-1.293,-0.532,-0.607,-0.077,0.426,0.418,-1.776,1.064,0.253,1.385,0.444,1.101,0.467,1.346,0.522,-0.098,2.272,0.889,0.574,-1.276,-1.288,0.293,0.146,-0.614,0.141,1.589,0.695,-1.141,-0.112,-0.805,-0.388,-0.414,3.541
-0.478,-1.255,-0.128,-0.561,-2.929,2.053,1.089,-0.376,0.019,-1.172,1.696,1.897,0.157,1.024,0.175,-1.337,-0.412,0.132,-0.455,-0.219,-0.091,-0.081,0.052,-1.061,-0.717,-1.285,0.978,-2.106,1.154,1.386,-0.302,-2.603,-0.361,-0.064,-1.011,-0.515,1.53,0.665,-0.925,-1.598,-0.327,-0.213,0.496,-0.535,0.511,1.935,0.816,-0.048,-0.183,-0.357,1.181,-0.627,0.045,0.051,-0.502,-1.372,0.323,-0.061,0.5,-0.534,1.221,-0.877,1.712,-1.748,0.435,0.475,-0.796,0.424,1.28,-2.217,0.503,-2.493,-0.966,1.629,-0.582,-1.174,-0.198,2.068,-1.832,-1.051,1.497,1.858,-0.103,-1.239,2.096,1.594,0.679,-0.812,-0.049,-0.16,0.331,1.451,0.879,-1.077,1.376,0.313,0.687,1.467,-1.112,-0.036,-0.531,-1.568,0.347,2.512,-1.84,-0.032,0.641,0.123,-0.113,-1.299,0.233,-0.757,-2.19,1.195,0.958,0.052,0.229,1.074,0.224,0.904,-0.297,1.312,0.321,0.194,-1.27,0.287,-0.832,-0.638,-0.815,-1.066,2.125,1.331,1.92,-1.223,0.071,-1.294,-0.696,-0.918,1.24,-0.396,1.068,0.604,2.304,-1.479,1.259,1.146,-0.973,1.007,0.336,-0.227,-17.462
-0.824,-0.719,2.05,0.001,0.782,-0.791,-0.78,1.082,-1.35,-0.415,0.034,0.111,-0.179,0.396,0.693,0.735,-0.986,-0.284,1.195,0.895,-1.373,0.351,-1.978,0.047,1.898,-0.948,-0.834,0.764,-1.543,-0.633,0.596,-0.634,-0.236,0.744,0.422,0.267,-0.339,0.37,-0.124,0.458,-0.497,-0.183,-0.99,-0.035,-0.811,-1.114,0.259,0.213,0.783,-0.431,0.408,0.551,0.445,-0.826,0.149,0.364,0.007,-2.086,0.16,2.213,-0.36,-0.728,0.373,0.312,1.193,-1.258,0.731,0.59,-0.142,0.339,1.029,0.872,-1.143,0.82,-0.065,0.073,0.073,-0.15,1.192,-0.084,-1.12,-0.394,0.179,1.229,0.603,-0.851,2.485,0.265,1.275,-0.152,0.533,0.839,1.218,1.057,0.872,-0.315,-0.572,0.333,0.933,-0.223,1.065,1.453,-0.916,-0.837,-0.14,0.308,-0.525,1.352,0.424,0.039,-1.436,-1.316,0.281,-2.133,1.013,-0.158,3.243,2.308,-0.181,-0.106,0.996,1.703,-1.638,-1.786,-0.622,0.583,0.497,1.07,-1.2,-2.316,0.858,-0.828,-2.018,0.145,0.793,-0.122,-0.458,-0.159,-0.371,-1.348,-0.715,0.521,0.322,0.168,-0.995,-0.182,-2.177,0.178,1.429,-1.474,-2.236
-0.586,0.329,1.253,-0.448,-0.692,-1.969,0.103,2.042,0.277,-0.022,0.322,-0.011,-0.813,0.823,0.226,0.018,-0.975,1.304,0.665,-0.553,1.002,-0.498,-0.782,-0.76,-1.771,0.472,-1.831,-1.228,-2.076,-0.086,-0.15,-0.327,-1.043,-1.172,0.464,-0.551,0.316,-0.885,0.181,1.303,0.586,-0.412,0.257,-0.241,0.008,-0.326,-0.164,0.212,-0.993,-1.016,-1.389,-1.6,-1.217,0.159,-0.893,0.514,0.035,-1.969,0.655,0.811,-0.994,0.42,-0.856,0.098,-1.264,-1.793,-0.383,-0.124,-0.398,-1.184,-0.4,0.269,-0.045,0.183,-0.67,1.172,-1.176,0.488,1.182,0.481,-0.203,-0.528,1.036,-1.423,-0.97,-0.398,1.238,0.38,-0.968,-0.31,-0.614,-0.71,0.979,-1.372,1.609,0.828,1.091,-0.463,-0.15,-1.433,-0.525,0.494,1.296,-1.107,-0.366,-0.151,-1.396,0.591,-0.724,-0.195,-0.452,-0.789,-0.007,-0.216,-0.372,-0.728,0.32,1.654,0.14,0.996,-1.39,0.158,-1.097,-1.477,-0.739,1.192,0.95,0.243,-1.533,-0.196,0.302,0.176,-1.844,-0.89,-0.064,0.536,-2.196,-0.162,0.143,0.85,0.693,0.583,-0.8,-1.908,-0.393,1.002,1.393,0.711,0.429,0.38,-9.826
-0.556,-0.13,1.669,-0.943,1.615,-0.322,1.325,-1.407,0.586,-0.737,-1.415,0.219,1.009,-0.845,-1.499,-0.092,-0.087,0.548,0.95,-0.059,1.856,0.224,-0.346,-1.612,-0.263,-0.336,0.96,0.462,-1.179,0.172,0.672,1.528,0.888,0.761,0.06,0.388,1.25,-1.333,-0.349,-0.773,0.379,1.23,-0.597,-2.39,-0.412,0.913,0.538,0.428,-0.28,-1.279,0.515,-0.834,2.184,0.571,-0.581,-0.611,-0.093,-0.24,1.117,0.186,-0.732,1.89,0.049,0.769,-0.608,0.363,0.311,-1.89,2.015,1.291,-0.397,-1.102,0.348,0.087,0.356,0.192,0.506,1.447,0.568,-1.05,1.363,1.641,3.152,-1.123,0.243,-2.082,0.553,-0.548,1.923,-0.775,-1.689,-0.471,-1.975,0.751,-2.065,0.028,-2.078,-0.32,1.643,0.361,-0.863,-0.031,0.018,0.473,-1.367,0.593,-2.704,-0.63,-0.488,0.633,0.023,-1.406,-0.985,0.199,-0.079,-0.579,-0.481,0.696,-0.518,-0.088,2.17,-1.424,-1.852,0.784,-0.679,-0.318,-0.781,-0.26,1.599,0.802,0.862,-1.416,-1.151,-2.839,-0.809,0.957,0.517,-0.222,-0.022,-0.689,0.205,0.766,-1.616,0.3,0.932,-0.415,0.701,2.815,-0.104,0.393,-7.599
-0.738,0.181,0.46,0.195,-1.02,0.206,1.462,0.449,0.962,-0.237,0.75,0.279,-0.951,0.319,-0.992,-0.633,0.189,0.297,-1.189,1.054,0.572,-0.705,-1.538,-0.145,-0.446,0.113,-0.363,-2.007,-0.388,-0.306,0.634,-0.698,1.679,-1.912,1.311,-0.224,0.86,0.08,1.14,-0.387,-1.099,1.421,-0.113,0.222,1.235,-1.032,0.595,-0.59,-0.132,0.072,-1.5,-0.779,1.351,0.886,-0.063,0.243,-0.294,1.357,-0.2,0.232,1.146,-0.777,1.559,-1.53,1.63,-0.373,-0.243,-1.89,-0.455,-1.04,-0.608,-0.137,0.958,0.208,0.308,-1.096,-0.881,1.799,-0.735,1.656,-0.243,0.002,1.07,1.272,-0.111,-0.388,-0.056,0.338,0.891,0.004,0.619,1.638,0.381,0.312,-1.519,-2.631,0.388,-0.095,-0.515,0.244,-0.06,1.128,0.086,-0.747,0.99,-0.217,0.527,-0.477,-0.65,0.084,0.013,0.48,-0.269,-1.836,-0.433,0.794,-0.297,-0.246,0.986,-0.712,-1.543,-0.161,-0.484,-0.966,-0.175,0.492,-0.009,0.307,1.813,-0.343,0.278,-0.509,-0.846,-0.585,-0.479,0.359,2.349,-0.716,-0.417,-0.063,0.396,0.264,1.284,-2.426,-2.387,-0.496,1.097,-1.566,-3.008,0.571,1.578
0.244,-1.09,-0.986,-0.97,0.111,-0.626,0.494,-2.855,-0.857,-1.126,-0.256,-0.538,0.798,-1.859,0.045,0.558,1.857,-0.482,0.324,-1.804,-2.392,0.845,-0.006,1.179,-1.373,0.52,1.869,0.42,0.277,0.009,-1.571,1.356,-0.611,0.504,-1.563,-1.179,1.435,-0.347,1.453,-0.078,-1.842,0.892,-0.59,0.699,0.025,-1.543,0.164,2.196,0.493,-0.058,1.075,0.211,0.21,-1.092,0.234,1.035,-0.836,1.424,-0.092,-0.888,0.998,-0.287,0.76,-0.292,-0.06,0.494,0.291,-1.996,-1.121,0.929,-0.132,-0.524,-1.359,-1.08,-2.022,-0.101,-0.598,-0.967,-0.068,0.364,2.093,-1.512,1.159,0.973,-0.779,0.203,-0.458,0.186,1.509,0.606,0.509,-0.43,-1.484,-0.208,1.207,-1.527,-1.055,0.126,-0.985,-0.793,-0.424,-1.366,-0.974,0.703,-1.307,-1.598,-0.63,0.732,-0.197,-0.465,0.044,-1.746,0.495,0.383,-0.409,1.006,-1.127,1.128,0.154,-0.337,-0.02,-0.107,1.22,-1.077,-0.763,1.036,-0.596,0.901,1.699,-0.402,0.681,-1.154,0.755,0.199,0.473,-0.646,-1.661,0.503,-2.063,-0.317,0.941,0.192,1.948,1.025,-0.654,0.027,-0.047,-1.582,-0.94,-0.561,5.397
-2.036,0.047,-0.249,-1.673,0.404,0.716,0.227,-0.324,0.591,0.68,0.307,-0.825,0.277,1.195,-0.597,2.098,-0.526,0.032,-0.672,0.223,-1.742,-0.546,-1.092,0.135,0.994,0.646,-2.372,2.042,0.295,-0.776,0.157,0.176,-0.667,0.198,-0.607,-0.404,-0.686,-1.433,0.146,0.585,0.515,0.82,0.324,-0.533,0.84,-1.358,-0.901,-0.964,1.08,0.943,0.487,1.072,-0.879,0.349,-0.125,0.847,-0.115,-0.385,0.541,0.876,-0.668,-0.061,-1.058,-2.498,0.2,0.609,0.262,-1.95,-0.351,-2.218,1.37,-1.086,1.255,0.946,-0.901,-1.133,0.35,-0.844,0.102,-0.483,-1.781,-2.23,0.227,-0.562,-0.553,0.696,1.173,-0.273,-0.341,0.5,-1.357,0.223,0.552,0.68,-1.937,-0.761,-0.878,0.1,0.481,1.497,-0.495,-0.498,1.15,0.297,1.268,0.289,-1.157,-1.333,-1.552,0.662,1.189,1.849,0.843,1.163,-0.58,-1.156,0.85,0.418,0.107,0.387,0.323,1.284,1.295,0.544,0.846,0.514,-0.461,0.757,-1.394,1.054,-1.195,0.286,-0.845,0.553,-0.034,-1.595,0.421,-0.578,0.881,0.001,0.395,-0.958,-0.589,-0.459,0.857,1.677,-0.805,1.077,-2.17,-1.194,0.419
-0.959,-1.353,-1.584,0.413,-0.214,0.379,0.69,0.266,0.658,-0.07,-1.187,1.058,-0.589,-0.936,-0.178,-0.913,-0.417,0.344,0.348,-0.898,-0.488,1.074,0.496,2.075,1.18,1.144,-1.388,0.764,-0.053,-0.551,0.168,0.945,0.501,-0.878,0.742,-0.638,0.217,-0.303,-0.219,0.766,-1.04,1.945,-1.821,-0.598,0.37,0.584,-0.1,-0.057,0.411,-0.231,1.393,0.839,0.873,-0.966,-0.079,-0.3,-1.006,0.36,-0.538,0.655,-1.07,1.719,-0.896,0.219,0.792,-0.571,0.852,-1.229,1.452,0.014,-0.596,-0.299,0.809,-0.584,-0.749,-0.222,-1.177,1.821,-0.566,0.832,0.209,-0.985,-0.006,0.784,-0.188,1.193,1.022,0.919,-0.46,-1.08,-0.614,0.196,0.546,-2.172,-0.008,0.158,-0.278,1.291,0.422,1.31,-0.216,0.937,1.635,1.312,-1.092,-0.254,-0.345,0.489,0.686,-0.839,0.068,-2.02,1.442,-0.512,0.056,-0.31,1.146,-2.838,-0.017,-0.106,-0.454,1.726,-0.887,0.772,0.356,1.262,-0.667,-0.733,1.096,0.425,-1.545,-0.539,0.386,0.838,-0.679,-2.914,0.523,-1.22,-2.017,-2.832,0.814,0.129,-0.226,1.389,0.637,1.616,-1.393,-0.035,-1.617,-0.229,4.493
-0.249,0.627,0.046,0.623,0.703,2.155,-0.315,-0.941,0.246,-0.802,1.482,-0.283,-0.566,-0.471,0.718,-0.158,-0.642,1.665,-0.856,0.036,0.652,-1.631,0.48,-1.055,0.823,-0.963,0.693,1.106,0.861,0.251,-0.231,-0.576,1.471,-0.699,-1.037,0.665,-0.796,-0.95,-1.444,-0.483,-0.083,0.243,0.951,0.527,-0.191,-0.198,0.51,1.273,0.126,-0.469,-0.993,-1.445,0.666,0.578,0.577,-0.129,1.407,-0.484,0.955,-0.039,-0.608,0.593,0.41,0.357,0.081,-0.038,2.388,1.184,0.723,0.112,1.007,0.518,0.026,-0.304,-0.081,-3.17,0.211,-0.488,1.593,0.019,-1.189,-0.05,-1.046,0.473,0.291,0.958,-0.791,0.034,-1.365,0.701,0.519,0.496,0.002,0.415,1.604,-0.285,0.139,-1.086,-0.868,0.098,1.104,-0.256,-0.236,-0.407,-0.535,0.295,-1.497,1.281,-0.665,0.722,-1.27,0.669,0.672,0.384,-0.994,0.25,-1.183,-0.253,1.029,0.797,0.015,-0.975,0.646,0.019,-2.32,0.783,-0.024,1.202,-1.095,-3.177,0.279,0.292,-1.691,-0.978,2.755,-0.306,0.731,-0.651,-2.09,-0.17,-0.266,-0.4,-0.115,0.264,-0.15,-1.264,0.486,-1.949,-2.05,0.739,-0.108
0.507,-0.057,-1.395,-0.708,-0.263,-1.596,-0.739,0.652,1.427,-0.419,0.756,-1.914,0.659,-0.804,0.307,-0.248,1.32,-0.874,0.628,-0.28,-0.158,-0.184,-0.846,-0.014,-0.063,0.241,0.085,0.798,0.924,-1.051,0.869,-1.186,0.588,0.62,-1.911,0.093,-0.468,-0.759,1.351,-0.654,-0.806,0.076,0.686,-0.142,1.166,0.531,-2.178,-0.529,-0.562,0.479,-2.625,2.549,0.531,0.149,1.182,2.344,0.871,0.949,0.131,-0.142,-0.476,-0.826,-0.687,-1.351,-0.076,-1.685,0.191,-0.036,0.147,-0.522,3.077,1.36,-1.245,0.233,-0.608,-1.014,-1.34,0.432,-0.681,0.968,0.994,1.374,-0.852,0.475,0.632,-0.474,-0.772,1.61,0.227,0.636,-0.822,-1.219,-0.569,-0.124,-1.064,-0.01,-1.689,-1.12,0.671,0.604,-0.392,-1.018,-1.027,-0.373,0.645,0.928,-0.497,-1.153,0.268,-0.824,-0.518,1.325,0.827,0.158,-1.272,0.211,1.063,-0.376,1.351,1.293,1.664,0.305,0.587,1.414,0.447,-0.501,-0.449,0.239,-1.291,-0.143,1.097,-2.191,1.534,1.122,-0.46,0.543,0.003,1.23,0.983,-1.4,0.587,-0.206,0.083,-0.728,1.748,1.04,-0.74,-1.335,-0.386,0.435,8.655
0.24,1.253,0.79,0.97,0.327,-1.389,-0.196,1.06,-0.052,0.503,-0.319,-1.03,-0.123,0.309,-0.656,-0.236,-0.939,1.119,-0.294,1.453,1.529,-0.081,-1.008,-2.086,-1.472,-1.374,1.378,0.116,0.39,-2.22,-1.198,0.887,0.287,-0.147,0.565,1.636,-0.221,0.069,0.193,2.392,-2.099,0.683,-0.115,0.567,-0.657,-0.049,0.711,3.113,0.808,-0.848,-0.424,-0.453,-1.796,-0.33,0.733,-1.274,1.048,0.488,-0.734,-0.142,1.598,0.734,0.009,-0.238,0.077,-0.512,-2.105,2.042,0.155,0.398,-0.058,-0.735,-0.186,-1.599,2.277,-1.235,-1.032,-0.44,1.288,0.015,-1.236,1.254,0.731,0.538,0.716,2.394,2.185,-0.687,1.624,0.383,0.499,-1.692,-0.17,-0.813,0.828,1.071,-2.074,-0.022,1.122,-0.187,0.729,0.351,0.342,-0.271,-1.217,-1.122,0.709,0.019,-0.139,-0.424,-0.305,1.047,-0.335,-1.341,0.744,-0.205,0.031,1.608,-0.021,0.289,-1.179,-0.22,0.61,-1.555,0.201,0.101,0.041,1.037,0.334,1.478,-0.994,0.136,0.084,-1.069,0.956,2.325,-0.017,0.505,0.085,-0.714,-1.821,-0.706,-1.392,1.704,-0.115,-0.346,0.889,-1.122,-0.767,0.068,5.292
1.029,0.502,0.248,0.078,0.4,0.202,-1.03,0.046,-1.074,0.081,-0.481,2.539,-0.04,-1.404,-0.134,0.519,1.673,-0.589,-1.582,0.817,-1.381,-0.436,-0.258,-0.07,0.689,-0.684,-0.274,-0.014,0.15,0.098,0.436,0.844,0.393,0.454,-1.582,0.05,0.48,0.729,-0.692,-0.659,-0.574,0.536,1.034,-0.407,0.908,0.123,-0.124,-0.211,0.747,0.326,2.276,-0.852,0.518,-0.529,-0.869,-0.011,0.137,2.918,-0.184,-1.13,0.273,-2.075,-0.092,0.016,0.795,0.974,-0.504,-0.151,-0.766,-1.128,0.31,-1.274,-0.415,-0.995,0.55,1.801,-1.302,-1.853,-0.125,0.016,0.219,-0.446,-0.201,0.368,1.04,-1.955,-0.369,0.214,-0.918,1.731,-0.635,-0.041,0.556,-0.591,-1.847,-0.429,1.029,-0.337,-0.846,0.926,-0.331,-0.51,0.149,0.771,2.382,0.827,1.16,-0.506,-1.026,0.062,0.107,-1.079,-0.175,0.399,0.36,0.504,0.291,-0.507,-0.514,-1.199,1.785,0.013,-0.225,-0.929,2.936,-1.073,-0.429,0.416,0.6,0.958,1.808,0.506,-1.056,-0.257,0.308,2.068,-1.398,1.203,0.18,0.838,-0.102,-0.842,0.751,0.654,0.972,-0.013,-0.6,-1.559,0.819,0.424,-9.283
-0.966,-0.539,-0.467,-1.483,-0.818,-1.134,-0.412,-0.739,-1.627,2.023,1.253,-0.779,0.272,0.417,1.191,-0.819,1.092,-0.548,-1.336,0.724,1.291,2.588,-1.2,0.699,-0.41,0.783,-1.47,-1.263,-0.776,0.079,-0.641,0.659,1.027,0.6,1.619,0.416,-1.217,1.363,-0.605,0.91,1.574,0.457,-1.496,-0.918,1.323,-0.169,0.08,0.759,0.696,0.279,-0.209,-0.313,0.858,0.554,-0.257,1.082,-0.129,-0.852,-0.759,-0.979,-0.272,1.234,-0.805,0.188,-0.657,-0.26,-1.51,-0.221,-0.194,0.54,0.223,-1.198,1.084,0.21,0.198,-0.009,-0.518,0.218,0.476,-1.747,-0.539,-0.255,0.256,1.193,-0.772,-0.498,-0.513,-0.802,-0.347,0.771,-1.054,0.428,-1.702,-0.561,-0.329,1.675,-0.275,-2.201,-1.999,0.034,0.614,0.375,0.168,1.162,-0.54,0.895,-1.632,-0.905,-1.807,-0.275,-0.046,0.114,0.062,-0.928,-0.19,-1.497,1.363,-0.304,-0.489,1.589,-1.242,-1.126,-1.096,-0.068,0.432,0.74,2.572,-2.249,0.609,-0.557,-0.586,-0.62,-0.909,1.685,0.842,0.023,1.351,-1.513,-1.331,-2.178,-0.699,0.162,0.103,0.149,-1.411,0.803,0.24,0.733,-1.893,0.311,2.055
-1.188,-0.397,0.534,0.091,-0.852,0.006,-1.532,1.15,-0.205,1.119,-0.527,-0.524,-0.764,0.876,-0.709,0.645,-0.382,-1.976,-0.57,-1.179,0.034,-1.19,0.926,-0.091,-0.178,0.656,0.964,-0.02,-0.771,-1.774,-0.686,-0.617,0.107,-0.345,0.688,-0.613,-0.057,1.184,0.342,-0.06,-0.602,-0.633,-0.851,-0.541,0.756,-0.222,-1.35,1.768,0.32,-1.407,-0.442,0.111,1.705,-1.108,0.976,1.399,-0.629,-0.278,-1.036,-0.203,-0.037,0.66,1.09,-0.748,-1.967,-0.021,0.294,0.249,-0.327,0.125,1.515,0.382,-0.373,-0.5,-0.17,1.637,-0.183,-0.02,-0.482,1.099,1.96,0.451,0.083,0.037,-2.384,0.745,0.134,0.428,-0.711,-0.384,-0.411,1.022,-0.379,2.083,0.431,-1.276,-0.129,-0.652,-2.194,1.599,0.703,0.533,0.165,-1.382,-0.484,0.842,-1.051,-2.532,-0.227,-0.142,0.136,0.729,0.638,0.259,1.196,-1.519,0.505,0.627,-1.24,-1.503,-0.746,-0.662,0.753,-0.615,-0.856,-0.612,1.119,0.013,-0.179,-0.11,1.292,-0.749,1.316,0.21,-0.16,2.501,-1.056,-0.354,-1.232,0.952,1.689,1.67,1.224,-0.198,-0.365,-1.671,2.036,0.469,-0.492,1.328,-1.354
-0.973,0.407,-0.173,0.639,-0.064,-1.451,0.076,1.049,-0.029,0.775,-1.046,-0.026,-0.625,0.747,0.031,0.69,1.088,0.692,0.273,-0.998,-0.003,-0.533,-0.344,-0.375,-0.98,-1.957,-0.668,0.193,-1.348,0.016,1.9,1.023,1.644,0.391,1.168,-0.724,-0.644,-2.739,1.186,1.54,-0.553,-0.254,-0.754,0.383,1.125,-1.743,0.409,-0.277,0.113,0.459,-0.188,-0.104,-0.214,0.97,0.419,0.221,-1.271,-0.379,0.899,0.038,0.66,1.767,1.039,0.093,-0.511,-2.554,-0.168,-0.326,0.39,-0.154,-0.32,-1.779,-0.94,0.477,1.716,-0.098,0.328,0.952,-0.811,0.367,-0.74,0.865,0.151,0.298,-0.783,0.707,2.085,-1.008,-0.34,0.232,0.786,-0.56,-2.833,1.359,0.761,-1.743,-0.608,1.568,1.448,0.939,-0.176,0.083,-0.131,1.128,-0.876,-0.806,1.01,-0.044,1.378,-0.672,-0.055,-0.922,0.007,-1.479,-0.488,-1.436,0.694,0.717,-1.73,1.334,2.497,0.046,-0.641,2.824,-1.319,0.02,0.18,1.345,0.36,-0.499,-0.951,-0.342,-1.007,0.048,-0.564,-1.494,1.255,-0.498,-1.268,-0.168,0.068,-1.746,0.332,-1.047,1.711,0.524,-0.4,-0.745,-0.105,0.613,2.605
-0.025,-0.217,0.058,-0.604,-0.343,-2.086,0.974,0.299,-0.773,1.899,0.087,-1.036,0.857,0.398,0.395,-0.426,0.45,-0.262,0.556,-1.905,-0.434,1.722,-0.767,-0.604,-0.448,-1.215,-2.208,-0.231,0.136,-0.053,-0.145,0.043,1.023,-0.19,-0.574,-0.281,0.579,1.412,-0.628,0.099,0.338,-0.993,0.02,-1.466,-1.769,0.367,-0.384,0.202,-0.018,-0.976,-0.045,-1.233,1.391,-1.356,-0.196,-1.042,0.57,-0.331,-0.519,0.853,0.029,0.517,-0.981,-1.405,0.107,-0.319,0.626,-0.08,0.205,-1.623,1.888,-0.164,0.698,-0.836,0.308,-1.303,0.452,-0.356,0.029,0.698,-1.233,-0.684,0.457,2.098,-0.138,0.591,-0.107,1.942,-1.747,0.095,-1.626,-2.507,0.297,0.139,-0.285,-0.106,3.098,-0.258,0.51,-0.649,0.295,-0.238,-0.411,1.819,1.177,0.137,-2.304,-0.361,2.703,-0.231,1.103,1.442,0.219,-0.842,-2.435,0.684,-0.815,0.176,-1.25,-0.265,0.034,0.269,-1.115,1.197,-0.597,-1.674,-0.109,0.034,0.161,1.362,-0.236,-0.12,-1.103,0.821,0.184,-0.42,-1.905,1.444,-1.228,-0.591,0.358,-1.197,-1.494,-2.124,0.721,-0.545,2.927,-0.994,-0.921,-0.565,-8.862
0.243,-0.47,0.612,-0.979,-1.382,-1.798,-2.224,-0.518,-0.301,-0.631,1.243,1.228,-0.335,-1.794,-0.567,-0.6,-0.657,-0.698,-0.653,-0.387,-0.636,0.208,0.36,-0.911,1.271,-0.98,-1.618,0.381,-0.817,0.321,-2.404,1.392,0.672,-1.5,-1.479,1.672,-0.737,-0.834,-2.266,-0.351,-0.228,0.715,-1.399,-1.52,0.451,1.007,-1.571,1.082,0.038,1.092,-0.07,-2.522,-0.152,1.06,-0.894,-0.388,-0.176,-2.9,1.671,-0.901,0.506,-0.087,1.258,0.406,-0.235,-0.894,0.798,-1.873,0.646,-1.099,1.252,0.161,0.644,0.082,-1.752,-0.861,0.672,0.167,1.181,0.403,-0.967,-0.796,0.103,-2.314,1.673,0.442,1.227,-1.581,1.245,2.231,-1.321,0.771,0.001,-1.544,0.493,0.834,-0.601,1.166,-1.667,-1.495,0.137,0.025,-0.717,0.81,0.531,0.858,-0.123,0.603,-0.446,2.054,-0.813,2.105,0.035,-1.376,1.368,0.126,0.851,1.224,0.338,-0.592,0.976,0.001,0.686,-2.154,0.447,-0.639,1.653,0.623,0.24,0.486,-0.998,1.623,1.991,0.393,1.59,-0.569,-0.797,0.041,0.435,-0.394,0.538,0.306,-0.998,0.519,0.864,0.171,1.153,-1.217,0.468,-1.17,-14.119
-1.114,-0.631,-0.942,-0.548,-0.214,0.837,-0.321,-1.586,1.14,-0.837,-0.059,0.447,0.2,1.094,0.479,-0.861,2.179,0.194,-0.147,0.964,0.249,0.399,2.492,-0.275,-0.318,0.117,1.072,-1.507,-1.966,-0.587,-1.634,-0.425,0.502,-0.891,-1.427,0.069,0.863,-1.695,0.82,0.817,0.954,1.218,2.202,-0.356,0.11,-0.416,0.002,1.533,-1.345,-0.861,1.377,1.02,-0.363,0.854,0.341,1.5,0.075,1.026,2.642,0.598,0.049,0.722,-0.365,2.388,0.18,-0.273,-0.836,1.097,0.867,-0.497,0.576,-1.509,0.185,0.453,1.707,-0.771,-1.278,-0.895,-1.337,1.337,1.549,0.32,1.221,0.134,-0.095,-0.333,-0.31,-1.548,0.264,-0.04,0.745,0.094,-0.163,-0.871,0.072,0.738,-1.143,0.087,0.233,-0.718,-0.588,0.231,-1.133,0.35,-0.895,1.063,2.338,-0.861,0.534,-0.727,1.041,-1.265,0.481,-0.873,-0.207,-1.031,0.822,-0.837,0.552,-0.344,-0.114,0.148,-0.762,0.21,1.53,-0.778,1.172,1.498,-0.816,-1.455,0.302,-0.547,1.869,0.035,-0.802,-1.147,1.09,-0.571,0.044,0.956,-0.484,-0.046,-0.017,0.683,0.591,-0.22,0.064,-0.372,-1.478,0.258,5.491
1.892,-0.884,-0.773,-0.871,0.725,0.448,-0.159,-0.918,0.092,-1.565,0.143,0.872,-1.251,-1.533,1.579,-0.612,1.136,-0.154,-0.162,0.438,-0.884,0.132,-0.381,-1.32,0.337,-0.263,-0.157,-1.21,1.591,0.877,0.964,-0.305,-1.729,1.953,-0.061,-0.749,0.417,1.167,-0.023,1.279,1.083,-1.076,-0.674,0.958,-2.713,-0.149,-1.431,-0.477,-0.299,-0.358,-0.552,-1.097,2.292,1.867,-1.162,1.582,-0.399,0.129,-0.063,-0.66,0.984,0.126,-0.477,-1.305,-0.894,-1.641,0.012,-1.197,-0.266,1.37,1.199,-0.032,-0.087,1.88,0.521,-0.328,-1.426,0.394,0.829,-0.632,0.291,-0.364,-0.184,-2.488,-0.222,0.969,-0.631,0.053,-0.756,0.36,-0.217,-0.939,1.333,0.929,-0.605,0.498,0.537,0.642,-1.694,1.007,-0.57,-0.358,2.638,0.302,-0.386,-2.205,1.39,-1.345,-1.003,-0.331,1.416,0.773,-0.158,0.308,-0.6,0.14,0.073,0.969,0.967,0.494,-0.362,0.742,-0.092,-1.082,-0.403,0.085,0.91,-0.184,-1.209,0.057,0.113,0.186,0.92,1.019,-0.594,-0.616,-1.04,0.699,1.449,-0.315,-0.241,1.467,0.506,0.436,-1.191,0.679,-0.929,-1.134,-0.347,-0.586,0.898
-0.222,-1.441,0.959,1.128,-1.947,0.978,-0.811,0.857,-0.068,0.029,-0.185,1.212,-1.24,0.608,1.101,0.716,2.325,-0.529,0.957,-0.106,1.233,-0.008,-0.388,1.306,-0.492,-1.413,-0.517,0.619,1.392,0.111,1.318,-1.358,-0.443,-0.289,-0.115,0.084,0.691,-0.445,0.139,-0.045,-0.926,-0.114,-0.144,-0.165,0.032,0.076,-0.432,1.273,-1.169,-0.721,2.78,-1.038,-1.354,0.734,-2.077,-0.235,2.146,-1.545,-1.982,-1.499,0.898,1.125,-0.513,0.683,1.39,1.787,-0.246,-2.301,-0.821,-0.427,-0.259,-0.188,1.119,1.274,-0.172,1.098,0.358,0.065,0.907,0.072,2.058,-1.438,-0.515,-0.127,0.439,1.268,-0.024,-1.422,0.843,0.755,-1.942,-0.004,-1.59,-0.665,-0.903,0.809,0.117,-1.286,0.88,-1.434,0.33,-0.814,-0.366,0.504,0.521,1.337,-0.082,0.306,-0.438,0.182,0.439,-0.098,-1.804,0.331,0.365,-0.68,-1.284,1.476,0.491,-0.229,-1.137,-0.822,1.303,0.138,-0.551,0.51,-0.814,1.501,1.353,-0.467,-0.629,-2.618,-1.482,-1.339,0.135,-0.326,-1.345,-0.281,0.505,0.528,-1.9,-0.128,-1.383,0.902,0.784,-0.898,-0.766,-0.461,-2.253,0.336,-6.962
-0.273,0.97,-1.098,-0.619,-1.507,-1.004,-1.182,0.996,-0.698,0.124,-0.381,-1.269,-0.168,0.599,-1.208,0.809,-0.85,-0.483,0.531,-0.663,0.038,-0.315,0.129,-2.381,-1.83,0.616,1.037,-0.91,-0.244,0.295,0.693,-2.028,-0.886,-0.333,0.703,2.498,-0.228,-1.407,0.402,1.321,0.108,-0.907,0.958,0.664,-1.026,0.381,0.997,1.182,-0.066,-0.358,1.227,-1.21,0.439,-1.37,1.065,-0.258,1.269,0.491,-1.223,1.425,1.551,0.882,-0.762,-0.306,0.145,-0.704,1.692,0.144,-2.703,0.339,-0.348,-0.075,-0.369,0.807,1.12,0.283,-0.339,-0.041,0.02,-0.802,0.579,0.46,1.54,1.255,-0.686,0.82,-0.951,0.696,-0.517,-1.023,0.28,-2.675,-1.751,-0.177,0.082,-0.369,-1.579,-0.818,0.391,0.582,-0.016,1.157,0.397,-0.747,-0.281,-1.403,-0.108,1.112,0.685,1.402,-0.303,1.346,-0.193,1.472,-0.022,0.707,1.475,-0.193,0.218,1.289,-0.133,-1.321,2.143,-0.47,0.159,1.156,-0.608,-1.008,0.254,-1.793,-0.288,0.245,-0.27,-1.543,1.594,0.104,1.431,-0.26,-0.88,0.269,-0.216,-1.178,1.47,-0.622,-1.84,1.328,-0.504,-0.608,-1.765,1.741,13.375
-1.289,0.058,0.913,0.422,-0.06,-1.702,-0.81,0.188,-0.787,0.203,0.682,0.963,-1.226,2.197,0.767,-0.002,1.09,2.365,-1.439,-0.225,-2.378,0.193,0.365,-0.039,-0.655,-2.05,0.374,1.455,-0.591,0.44,-1.568,0.457,-0.393,-0.762,-0.76,-0.394,0.382,-1.312,-0.397,-0.041,-1.099,1.797,-0.853,-0.669,-0.978,1.798,0.553,-0.937,1.106,0.201,0.257,-0.344,-0.749,0.338,-0.545,1.817,-1.269,1.536,-0.111,0.299,0.833,-0.63,0.864,-2.708,-0.72,-0.924,-1.254,-0.215,0.386,0.703,0.241,-0.666,0.369,0.124,0.936,0.777,0.03,-0.897,-0.653,-0.55,-0.315,0.268,0.715,-0.051,0.016,0.143,-0.516,-0.925,-1.755,-0.695,0.473,-0.703,-0.238,0.466,0.521,-1.08,0.997,1.127,-1.13,-0.824,1.191,-0.147,-2.22,-1.4,-0.249,-1.163,-0.413,0.032,1.462,-0.29,1.073,1.429,1.434,0.285,-1.963,0.461,1.048,-0.081,1.745,0.86,0.568,1.086,0.333,-2.493,-0.499,1.197,-0.808,-0.223,-1.045,1.784,1.681,-0.884,0.147,-0.68,0.615,0.51,0.812,0.332,2.935,-1.028,-1.711,-0.393,-1.568,-1.492,-1.001,-0.922,-0.955,0.518,-0.506,-0.18,-2.733
0.894,-0.766,-0.265,0.366,-1.942,-2.385,0.346,0.492,2.064,0.158,0.82,-0.195,0.297,1.667,-2.124,0.414,2.136,0.282,1.651,-0.629,-0.032,0.034,-2.218,-1.168,-1.097,0.822,0.872,0.324,0.824,-0.164,1.202,0.009,0.058,-0.266,0.684,-0.421,0.976,-1.132,-1.099,0.687,-0.089,-0.454,0.89,-0.607,-0.2,1.399,1.539,1.572,-0.282,1.231,-0.949,-0.907,-2.35,1.673,-0.864,-0.127,-0.91,0.695,-0.376,-1.305,0.442,-1.434,-0.837,-2.107,-1.424,0.179,-1.965,-1.481,-0.002,-0.544,1.992,1.834,-0.868,0.557,0.749,-0.597,-1.496,-0.012,-0.173,-0.436,0.442,-0.751,-1.152,0.109,0.386,-1.177,0.928,-1.77,-0.578,-0.258,-0.636,-0.565,1.871,-0.851,2.441,0.437,0.092,0.476,2.53,-0.994,-1.12,-0.755,0.032,-1.726,0.022,1.694,0.151,-0.293,-0.618,0.899,-0.826,1.846,1.933,0.257,-0.012,1.031,1.095,-0.806,-0.527,-1.322,0.409,0.667,-1.35,-0.455,-1.347,-0.899,0.551,-0.733,-0.301,-1.627,0.187,-0.044,-0.729,-0.189,0.18,-0.815,-1.476,1.806,-0.633,-0.097,1.011,3.529,-1.244,0.45,-0.708,-0.539,-0.72,-1.126,-0.041,-1.475,2.54
0.947,0.055,0.422,-0.466,-0.367,0.288,-1.164,-0.358,-0.86,-0.891,-2.11,1.339,-0.687,1.163,1.069,-1.286,-1.088,2.561,1.751,-0.032,0.257,-0.631,0.432,-0.717,-2.032,-1.322,0.021,-1.131,-0.067,-1.075,-0.782,0.853,0.247,-0.01,0.879,0.481,1.447,-0.46,-0.43,-1.301,-0.429,0.965,1.3,0.96,-1.794,1.083,-1.839,0.898,-0.368,0.703,-1.332,1.171,-1.465,-0.668,-0.998,-1.754,0.095,1.806,2.667,0.097,1.117,0.232,0.499,-0.342,0.195,0.537,-0.578,-0.077,-0.058,0.826,-1.066,-0.052,1.912,1.164,1.349,0.024,0.321,1.002,1.56,-1.952,-1.315,1.309,-0.277,-0.672,-1.254,-0.555,-1.402,2.091,-0.022,-0.058,0.588,0.962,0.946,1.074,-0.631,-0.298,0.769,-0.527,-0.005,0.399,0.785,-1.778,0.715,-0.234,0.707,0.777,1.608,1.353,1.347,1.444,0.291,0.032,0.873,0.732,-0.309,0.405,-0.035,-0.854,1.29,0.055,2.049,-1.625,-0.557,0.033,1.137,0.399,0.31,-1.127,-1.157,0.323,-1.364,-0.532,0.501,-0.982,1.605,1.224,-1.571,-0.932,-2.286,-0.783,0.766,-0.414,0.461,-1.522,0.798,-0.555,0.012,-0.093,-1.272,-1.153,2.177
0.968,0.399,1.05,0.325,0.143,-1.726,-0.27,-0.027,1.953,0.687,1.536,0.598,-0.711,0.117,0.236,-0.939,-0.384,-0.206,1.606,-2.081,1.206,-0.937,-1.372,1.18,0.732,1.255,0.801,2.06,0.559,-0.156,0.343,1.243,-0.779,-0.652,-0.309,-2.105,0.138,-1.886,0.053,0.865,-0.477,1.677,-1.461,1.191,0.675,-1.716,2.711,-0.064,-0.877,-1.407,-0.22,-0.127,0.103,-0.298,0.633,-0.388,-1.935,-0.149,-2.367,0.354,-0.979,0.163,1.314,-0.949,1.061,-0.433,1.753,-0.365,-0.84,0.687,-0.436,-0.841,-0.478,-0.045,1.342,-1.934,0.023,0.625,0.193,1.31,-0.074,-0.185,0.592,0.099,-0.39,0.516,-0.653,-0.611,-0.528,1.353,-3.221,0.396,0.034,-1.681,0.31,0.476,0.59,-2.652,1.366,-0.738,0.687,0.741,-0.877,0.66,-0.385,-2.071,1.168,-0.775,-0.854,-0.403,0.272,-0.057,0.548,-1.339,-0.742,-0.116,1.898,-0.114,1.085,0.039,-0.484,-0.247,-0.168,0.604,1.375,0.36,1.187,-0.965,-0.415,-0.724,0.314,-0.359,0.73,-0.931,0.043,0.687,-2.065,2.122,-0.283,-2.025,0.158,0.033,-0.082,0.991,0.747,0.298,0.45,-0.104,1.775,-1.479,5.742
0.14,0.065,0.813,-0.844,-1.744,0.157,0.281,1.49,-1.27,1.155,2.367,-0.378,-1.291,-0.407,0.014,0.564,-0.591,1.555,-1.115,-1.739,1.107,-2.275,-0.204,3.118,-0.012,-1.121,-0.057,-0.051,0.161,0.662,-1.039,1.688,0.245,0.727,-0.628,1.286,-0.257,0.278,-0.933,-0.997,0.688,-0.444,-0.854,-0.643,0.699,-0.629,-0.118,0.015,-1.917,-1.471,0.336,-0.737,1.057,0.967,0.719,1.82,-0.083,0.649,-0.584,2.452,1.984,0.012,0.387,1.359,-0.147,-0.657,0.874,0.078,0.183,-0.834,-1.718,0.236,0.905,-0.226,1.436,-0.704,-1.055,-0.067,-0.083,0.77,-0.775,1.368,1.967,-0.039,1.25,-1.056,1.075,1.047,0.863,-0.016,-2.954,-0.642,-0.626,-0.978,0.122,-0.419,-0.825,-1.059,-0.716,1.121,-0.661,-0.515,-0.457,0.339,0.456,-3.045,1.022,1.436,-1.05,-0.972,-0.45,-0.756,0.224,-1.947,-1.118,1.539,-0.928,1.243,0.355,-1.809,0.635,-0.118,-0.455,0.245,0.475,0.708,1.178,0.408,-1.376,-0.474,2.943,0.724,2.369,1.395,0.242,0.301,-0.037,-1.738,0.018,1.211,-0.6,0.412,0.852,-0.91,-0.451,-1.018,-0.822,-1.288,-0.9,1.419,2.638
-0.915,0.126,-0.503,1.179,1.311,0.864,0.306,-0.231,-1.192,1.944,-0.76,0.664,1.06,-0.555,1.038,0.764,1.728,-0.469,-1.286,-0.505,0.209,0.058,-0.393,-1.909,0.47,1.972,0.464,0.609,0.572,0.397,0.932,0.395,-0.313,-0.796,-0.249,0.314,-0.316,0.314,0.439,0.833,1.283,0.078,-1.308,-0.345,0.044,-1.836,1.389,0.142,0.381,1.366,-0.63,0.574,-0.11,-0.184,-0.772,1.666,-0.376,0.699,-1.875,1.18,1.052,0.097,-0.227,0.4,2.289,-1.763,0.782,-0.912,-0.02,-0.248,-0.428,-0.01,-1.134,1.029,-1.794,0.54,-0.327,-1.171,0.202,-1.557,0.04,-1.423,0.461,-0.924,-0.451,0.294,-0.773,-0.058,-1.514,0.631,1.765,2.792,0.091,0.788,-1.781,1.503,0.776,-0.484,1.237,-0.254,-0.458,0.475,-1.063,1.022,-1.056,-1.05,-0.91,0.76,-0.617,-1.348,-0.606,-0.032,-1.181,-1.152,2.111,-0.861,-0.323,-0.367,-0.421,0.621,0.948,-0.306,-1.236,1.274,-0.095,1.73,-2.246,0.195,1.919,-0.353,-0.225,0.296,-0.559,-0.312,-0.338,-0.627,1.229,0.461,0.251,0.809,-0.264,-0.774,-0.603,0.002,-1.059,-0.5,-0.516,2.125,-2.774,-0.18,3.571
1.726,0.122,0.753,0.1,-0.667,-2.242,0.205,-0.776,-0.8,-0.499,1.745,2.405,0.217,-0.465,-1.177,0.469,1.783,-0.247,-2.379,0.67,0.985,-1.586,0.176,0.451,-0.073,-0.791,1.016,-0.403,-1.485,-2.049,1.261,0.617,0.088,-0.44,-0.529,-1.076,-0.431,-2.12,-0.736,-0.311,0.61,-0.04,0.795,1.349,1.058,0.471,0.012,-0.981,0.74,1.68,0.342,1.917,-1.526,-1.154,0.855,0.264,1.314,-0.015,-0.868,-0.214,-1.533,-1.129,0.972,0.873,0.363,-1.721,-0.358,-1.225,1.177,-0.584,-1.086,0.03,-0.64,1.484,-0.735,-1.399,-2.153,-0.031,-0.562,-1.429,1.189,0.667,-0.028,1.364,0.663,-0.823,-1.039,0.818,0.396,0.17,-0.846,0.608,-0.755,-0.102,1.447,-0.661,-1.573,-1.053,0.994,0.255,-0.129,-0.509,0.485,-0.849,0.306,-0.731,-0.898,-0.637,-0.375,-0.049,0.235,-3.688,-0.808,-0.392,1.505,-1.08,0.163,1.495,-1.313,0.394,-0.802,-0.505,-0.803,-0.732,2.722,0.844,1.102,0.492,-1.606,0.395,1.073,-0.853,0.965,0.704,1.852,-0.418,-1.098,-0.362,1.436,-1.828,-2.068,0.089,-0.443,0.008,0.945,-0.553,-1.873,2.044,-0.997,-1.059,-16.859
1.104,-0.384,-0.063,0.483,1.084,-0.333,1.52,-2.136,0.76,-0.84,1.372,0.142,-0.673,0.663,0.893,0.642,-1.03,-0.484,-0.004,-0.041,0.75,-2.015,0.334,-0.29,-0.839,-0.742,-0.215,-3.601,-0.701,-0.876,0.533,-0.806,-0.215,1.542,0.994,0.902,-0.5,0.543,-0.234,-0.196,0.41,-0.597,1.493,-0.16,0.618,1.456,1.032,-1.409,0.445,0.851,0.892,-1.113,-0.657,0.995,-0.762,-0.3,1.576,-0.048,-0.727,-0.878,0.333,-1.333,-0.247,0.333,1.299,0.668,-0.714,1.178,-0.3,-1.236,-0.172,1.438,0.165,0.013,1.637,-1.431,-1.286,-1.616,0.373,0.166,1.543,0.243,-0.404,0.002,0.118,-1.672,2.71,0.52,0.21,0.615,0.709,-0.141,-0.631,0.599,0.386,-0.81,1.419,0.293,0.73,1.392,0.022,0.317,0.81,-0.725,0.054,0.126,-0.956,2.318,-1.407,-1.298,1.314,0.713,-1.026,0.607,1.468,-0.03,2.599,-1.724,0.694,1.167,0.891,-0.204,-0.29,0.444,0.816,0.602,1.04,-1.019,-0.228,-0.94,-0.386,1.015,0.108,2.607,0.193,0.06,0.106,-0.638,-0.058,1.128,0.114,-0.793,-0.925,-0.45,0.074,1.194,-1.34,-0.32,0.144,-1.834,2.345
-0.834,-0.68,-0.796,0.192,-0.161,-0.555,0.428,1.723,1.639,-1.923,0.577,-0.178,0.155,-0.398,0.118,0.151,-0.579,-0.896,-0.449,0.234,0.599,0.853,-0.494,0.284,0.963,1.166,-0.059,-0.221,0.191,-1.15,-0.194,0.745,0.642,-0.27,0.218,-0.825,0.703,-0.078,-0.276,-0.362,-0.063,-0.448,0.658,-0.395,1.593,1.465,-0.892,0.07,-0.651,-0.327,2.002,-0.308,0.36,0.541,-1.001,-0.855,-1.206,-0.886,-2.85,0.545,2.054,0.148,-1.416,-0.643,-0.459,-1.018,0.86,0.81,-1.155,0.725,1.527,1.903,2.865,-0.902,2.824,-0.354,-0.592,0.327,-0.582,0.399,-1.32,-0.239,1.286,-0.057,0.142,0.475,1.171,-1.655,0.585,-0.268,0.167,1.06,-1.194,-1.013,-1.935,-0.549,1.33,-0.121,-1.34,-0.486,-1.488,-1.125,0.389,-1.174,1.113,-0.071,0.086,-0.278,0.773,0.783,0.335,0.565,-0.212,0.542,-0.338,0.002,-0.275,-0.457,-0.689,0.468,1.311,1.171,-1.257,1.289,-0.318,0.601,-0.906,0.142,0.314,-1.485,0.608,1.346,-0.175,1.36,-0.19,0.85,-2.219,2.419,1.495,-0.285,-1.972,0.288,-1.444,0.445,0.412,-0.941,1.121,0.806,0.976,0.009,7.704
-1.416,0.978,-0.27,-1.39,1.352,2.099,-0.041,2.159,0.091,-0.38,-0.63,1.637,-0.78,0.735,-0.559,-0.46,1.03,-0.38,-0.405,1.133,1.597,0.645,-0.655,-0.511,0.08,0.321,-0.988,0.723,0.086,-1.716,-0.929,-0.504,-0.073,1.889,0.238,-0.841,0.221,-0.352,0.325,0.581,1.209,-0.024,1.639,0.908,-0.707,2.21,0.327,-0.835,1.653,2.078,-0.033,-0.504,-0.172,0.715,1.278,0.57,0.102,1.498,-0.313,1.031,-0.288,0.431,-0.114,-0.056,-0.377,1.345,-0.733,-0.74,2.121,0.978,-2.385,-0.565,-1.812,-0.951,-3.139,-0.137,-1.142,0.06,-1.625,0.083,-0.415,1.502,1.411,0.785,-0.327,1.985,-1.553,-1.404,-0.084,2.254,-0.202,-0.183,-1.442,0.946,0.953,0.789,-0.629,-0.707,-1.293,0.084,-1.08,-1.177,-0.424,-0.489,-0.538,0.466,0.079,-0.288,0.183,-0.992,0.105,0.151,-1.503,0.996,-0.881,0.09,1.164,0.926,0.034,-0.362,0.948,0.675,-0.618,-0.795,-2.072,0.154,-0.083,1.136,0.359,1.334,-0.697,1.138,-0.529,0.778,-1.459,0.235,-1.985,-0.267,0.44,-0.521,-1.05,0.846,-0.103,-0.49,0.042,2.637,1.154,1.163,0.436,0.166,-6.778
-2.396,-0.679,-0.481,-1.875,-1.157,-1.981,-0.038,0.819,1.107,0.415,-0.963,-1.932,-1.757,-1.269,-0.889,-0.16,-1.014,0.339,-0.232,0.011,1.14,-1.18,0.419,-0.014,-0.333,0.885,0.879,-0.946,-0.182,0.281,-0.273,0.585,0.281,1.833,-1.53,-0.122,-0.909,0.604,-1.617,0.346,-0.63,-0.734,-1.446,-0.465,1.085,-0.025,0.628,1.665,0.264,-0.559,0.467,-0.544,-0.504,-1.52,0.926,-0.386,0.182,-1.036,0.436,-0.762,-0.142,0.878,0.791,-0.022,-1.768,2.993,1.746,0.723,-0.753,-0.114,-0.543,1.264,0.263,-0.784,-0.471,1.121,1.6,1.528,0.757,-0.253,-3.242,0.297,-0.002,0.14,0.054,-1.326,0.557,0.632,0.682,0.947,0.604,-0.41,-0.071,0.091,0.108,0.998,0.644,2.077,2.206,0.08,-3.837,1.237,-0.54,-0.801,-0.398,-0.447,0.612,-1.559,-1.078,0.343,0.623,0.642,-0.787,-0.978,-0.507,0.24,1.485,-2.047,-0.221,-1.333,-1.652,0.967,0.545,0.449,0.921,-0.48,-0.433,2.186,-0.247,0.735,0.006,-1.848,-2.045,-0.579,1.056,0.788,0.914,-0.987,1.616,-0.965,0.213,-0.01,-0.174,1.339,-0.705,-1.35,0.02,-0.4,3.377,0.677,16.328
-0.409,-1.056,-1.88,-1.025,0.115,1.427,1.122,0.229,-0.323,0.269,-0.519,1.718,-0.189,-0.086,-2.216,-0.195,0.836,-1.068,-0.751,0.793,-1.477,1.058,-0.532,-0.389,-1.124,0.378,2.46,0.781,-0.864,1.136,-0.317,1.374,0.807,-2.943,-1.004,0.944,0.152,-1.024,-0.634,-1.906,-0.088,2.211,0.805,2.19,0.882,1.027,1.974,0.377,-0.187,1.033,1.454,-0.48,-0.722,0.139,0.831,0.798,-1.424,1.912,-0.641,-0.265,-0.903,2.698,0.242,-0.851,0.864,0.769,-0.188,0.841,-0.825,-0.493,-2.01,-1.324,1.808,1.641,0.066,1.663,-0.16,-0.243,0.057,-0.125,-0.215,1.143,0.15,0.712,1.031,0.388,-0.97,-1.353,0.149,-0.171,0.087,-0.016,2.584,-1.33,-1.99,0.332,-0.376,0.316,0.584,1.284,-1.507,-0.557,0.429,0.77,2.193,0.956,-0.057,-0.89,-0.564,-0.593,0.655,0.257,-1.324,-0.436,0.878,0.352,0.569,0.383,1.626,0.236,-0.386,-0.916,0.25,-2.441,-0.184,-0.206,-1.364,-0.928,0.81,0.231,0.102,0.306,0.093,1.243,0.123,-1.458,1.63,0.37,-0.589,-1.253,0.396,-0.117,1.574,-0.346,-0.837,0.896,0.925,0.169,0.676,-0.038,-8.939
0.234,1.165,0.625,-0.169,1.352,-2.365,2.052,-1.706,-0.627,-0.041,-0.146,1.006,-1.058,0.261,-0.578,0.295,-0.065,0.093,-0.55,-0.51,0.287,0.944,-0.598,-0.869,0.613,-0.033,0.83,-0.906,-1.779,-0.533,-0.766,-0.079,-0.637,0.741,-0.288,0.15,0.158,0.195,-0.024,0.511,-0.796,1.399,-0.237,-1.312,0.188,-0.851,0.665,2.21,-0.787,0.332,-1.756,0.454,-0.886,-0.625,-1.101,0.732,1.007,0.023,-0.864,1.59,-0.75,-2.162,0.458,-1.105,0.989,-0.381,0.604,1.402,-1.209,-0.566,-0.076,1.538,-0.658,-0.595,0.478,-0.577,0.153,-1.552,2.214,-1.348,-0.322,-0.032,1.913,-1.325,1.984,0.757,0.417,-0.985,0.571,-0.723,1.267,-0.971,-0.113,-0.555,-0.988,0.741,0.535,1.209,-1.78,1.064,2.505,-0.452,1.895,-0.263,-1.372,-0.306,1.048,-0.838,-0.6,0.594,0.003,0.585,0.238,0.48,-0.432,0.232,-0.927,1.288,-0.634,1.129,-0.234,0.202,-0.495,-1.016,-1.745,-1.055,-0.324,0.212,1.01,-0.446,-0.882,-1.443,0.48,1.383,1.266,0.71,0.639,1.698,0.332,0.646,-0.321,-1.362,-0.684,-0.009,0.061,1.926,0.081,1.179,-0.435,-0.312,-4.557
-1.329,-0.742,0.527,0.008,0.943,0.181,-0.352,2.148,-0.094,1.163,-0.401,0.71,0.928,0.208,-2.354,0.018,1.23,0.527,0.446,-1.722,-0.72,0.411,0.41,1.215,-0.145,0.406,0.016,-0.987,-2.256,0.431,0.174,-0.618,-1.619,0.63,-0.266,0.557,1.864,-2.141,-0.7,-0.209,1.455,-1.636,1.936,0.136,-0.096,-0.198,-0.436,1.048,-1.069,0.345,-0.384,-0.762,2.586,0.419,0.613,1.138,-1.421,1.752,-2.509,-0.769,-0.459,0.582,0.219,-0.167,-0.012,-0.978,-1.497,0.727,0.694,1.584,-0.79,0.693,-0.284,1.19,1.022,0.211,-0.34,0.961,0.647,-0.684,-1.328,-0.289,1.515,1.146,-1.112,-1.168,1.275,-1.136,0.509,-0.616,1.617,-0.77,1.143,0.185,0.252,-1.97,-2.203,-0.221,0.247,-1.125,-1.089,0.561,0.563,-0.138,0.78,-1.174,-0.356,1.648,0.068,0.126,2.306,-1.399,0.796,1.664,-0.325,0.86,-0.982,-0.687,0.385,0.799,1.121,1.57,-0.067,1.194,-0.342,0.902,0.207,0.446,0.424,-1.605,-1.124,0.103,-1.687,0.831,0.872,0.327,-1.121,1.38,2.037,0.147,0.511,0.202,0.53,-0.12,-0.035,0.906,2.346,-1.4,-0.104,-1.18,5.205
1.592,-0.588,-1.443,0.638,1.744,0.664,0.205,0.409,1.415,-0.874,-0.112,-0.453,-1.168,-0.328,1.108,0.567,0.644,0.146,0.523,-0.801,-0.31,0.192,0.278,0.32,-0.138,-0.377,3.158,0.907,0.413,-0.233,-0.451,-0.131,0.293,-1.88,-1.569,-0.637,0.207,-0.239,1.478,-1.482,-0.751,1.52,0.131,0.885,2.051,-0.694,-0.099,-0.272,-1.955,-0.31,0.881,0.541,0.619,-0.376,-0.656,1.269,-0.497,0.294,0.163,1.462,0.971,-1.295,-1.188,0.579,-0.064,-0.455,1.016,0.187,0.052,0.78,-0.375,1.569,-0.788,0.657,1.434,-1.377,-0.343,1.142,1.157,-0.171,-0.735,0.956,1.184,-1.165,-1.204,0.225,0.629,-0.299,0.679,-0.71,-2.115,-0.424,0.063,-0.276,-1.159,-1.816,-0.514,0.898,1.256,1.188,-0.816,-1.154,0.497,0.635,0.4,-2.014,-0.867,-0.03,0.487,0.767,0.144,0.331,0.085,0.686,0.313,0.066,-0.268,0.081,0.485,0.267,0.381,1.343,0.265,-0.649,0.884,-1.366,-1.081,0.336,0.516,-1.245,-0.383,-0.606,-0.487,0.944,0.707,-0.019,-0.546,-1.35,1.42,0.592,-0.707,0.72,-0.07,-0.287,0.435,-0.741,-0.344,0.121,-0.499,0.669,2.684
1.869,-0.754,-1.665,-2.002,-0.15,-0.663,0.208,0.133,-1.603,-1.815,0.296,0.135,-0.426,-1.657,0.471,1.272,0.278,-0.847,0.045,-1.366,1.058,0.082,-1.768,-0.301,0.463,-0.333,-0.276,-1.224,0.567,-0.648,-2.156,-0.371,0.981,-0.387,1.738,0.429,0.339,-0.128,-0.068,-0.263,-0.302,0.531,-0.936,-1.076,-1.123,2.046,0.53,0.304,-1.058,0.623,-0.117,0.214,-0.977,0.16,-0.424,-0.766,0.734,-1.538,0.565,0.684,-0.88,-0.82,-0.223,0.282,-0.153,0.434,1.763,-0.508,-1.715,0.826,1.683,0.393,-1.088,-0.124,-1.119,0.643,-1.351,-0.3,-1.004,0.127,-0.366,0.177,0.022,-0.987,0.627,-0.049,-0.989,2.241,0.476,-0.153,1.415,1.842,-0.145,0.347,-0.988,-0.147,-0.199,0.185,0.333,0.56,0.238,-1.211,-0.938,-0.546,-0.282,1.051,-1.163,-0.357,0.953,-0.3,0.46,-0.14,0.257,-0.228,0.667,-1.545,-0.363,0.297,0.534,1.493,-0.391,1.479,-0.659,1.329,0.817,-0.913,0.307,-0.051,0.626,-0.223,-0.307,1.369,-0.099,0.826,-0.225,1.667,-0.678,-0.614,1.525,-0.445,1.601,0.892,-0.155,-1.813,-0.019,0.102,1.167,1.588,-0.685,0.801,-0.027
0.765,1.073,0.499,-1.942,-0.155,-1.156,-0.203,0.98,0.305,1.148,0.342,-1.298,-2.521,0.149,-0.214,-0.977,-1.701,-0.735,-0.194,0.666,0.189,1.608,-1.036,0.881,0.047,0.695,-0.437,1.072,0.295,-0.679,-0.012,-0.24,0.489,-1.18,-0.029,0.395,0.033,1.347,0.774,-0.007,0.217,0.296,0.403,-1.826,-0.302,-1.484,1.278,-0.061,-0.193,0.897,0.422,-1.129,-0.071,-0.335,-1.745,-0.69,-0.184,-0.115,-1.482,1.152,-0.102,0.038,0.401,-0.788,0.456,-0.367,-0.897,0.573,1.492,0.725,0.923,-0.521,-1.598,1.49,2.055,1.543,-0.336,-1.155,-1.066,-1.684,-0.107,1.606,-0.142,0.302,1.376,-0.404,2.036,1.992,-0.131,-0.578,0.697,-0.348,-1.157,1.281,1.216,0.156,-1.263,-1.23,0.107,-0.5,-0.341,1.022,0.733,1.378,-0.991,-0.343,0.759,0.448,1.532,0.421,1.848,0.54,1.062,-0.324,0.014,0.911,1.613,0.729,-0.083,1.377,-2.192,-1.422,0.682,0.014,0.606,0.064,0.571,-0.814,0.57,0.994,1.221,2.014,0.244,0.274,-1.523,-0.531,-0.193,1.05,-0.611,0.796,-0.002,-0.177,0.249,-0.391,-0.429,-1.705,-0.248,-0.48,-0.516,0.417,10.625
0.659,0.232,0.995,0.576,-0.295,-0.463,0.313,0.574,1.398,1.191,-0.541,-0.102,0.671,1.068,0.939,-0.064,-1.254,-0.999,0.273,0.342,-1.099,0.045,0.631,-1.151,1.105,-0.378,1.258,-0.533,-1.027,-0.458,-0.095,-0.388,-0.216,0.334,-0.171,-0.066,-1.709,0.392,-0.089,1.61,-0.94,-1.808,0.618,0.347,-1.008,-1.53,1.537,1.414,-2.487,-0.458,1.664,-0.476,-0.491,-0.283,-1.121,-1.705,1.053,-1.843,0.247,0.887,-1.451,-0.924,1.213,0.533,-0.617,1.202,1.207,0.269,-0.9,-0.413,0.286,-0.189,0.939,-1.53,-1.494,0.181,-0.492,-0.627,-1.768,0.02,-0.053,0.653,0.069,-0.133,1.177,-1.312,0.536,-1.671,-0.838,-1.213,0.782,-0.065,-0.014,-1.107,-0.3,-0.763,0.383,-0.991,1.33,-1.676,-0.807,1.677,-0.435,-1.315,0.219,-0.475,-0.836,-1.096,2.768,-0.252,-1.926,1.494,0.611,-0.766,-0.933,0.673,-0.247,-1.926,1.787,-0.434,1.496,1.278,-1.001,1.033,-0.651,-1.867,-0.425,0.398,-0.463,-0.307,1.144,0.106,-0.843,0.702,0.198,-2.522,0.428,0.392,0.02,0.892,-0.672,0.336,-1.567,0.407,1.953,-0.995,-0.76,-0.71,0.13,-1.063,0.165
0.421,0.847,0.534,-1.768,0.995,0.937,0.83,0.373,0.22,1.032,1.924,-0.953,1.078,-0.086,-0.13,-1.537,-0.285,-0.997,-0.464,-1.098,-0.449,-0.406,0.097,-1.615,-1.446,0.362,-0.797,1.075,0.225,0.607,1.411,-0.31,-0.574,0.872,0.51,-0.187,1.391,-0.212,0.033,0.021,-0.935,0.078,1.397,0.445,0.031,-0.162,0.331,0.75,0.609,-0.332,0.325,0.48,-1.007,0.168,-2.161,0.483,0.66,0.748,-0.395,0.309,1.424,1.414,-0.029,0.139,1.111,-1.501,-0.323,1.336,0.975,0.369,-1.506,-0.05,-0.59,0.331,-0.809,-1.026,-2.065,1.222,-0.4,0.157,-0.002,-1.067,-1.259,-1.005,-0.723,0.367,-0.796,1.746,1.027,0.808,-0.12,1.514,-0.218,-0.031,0.17,0.702,0.637,-0.475,-0.533,0.64,0.715,-0.393,-1.587,-0.207,0.624,1.805,-1.198,-0.427,-0.389,1.356,-0.035,-0.907,0.559,-0.405,-1.224,-0.893,1.734,0.384,0.108,-0.25,0.292,0.28,0.292,0.115,0.869,0.023,-0.978,-0.612,-1.979,2.027,0.863,-0.83,-0.282,-0.637,1.543,-1.42,0.114,-0.109,0.827,-0.104,-1.758,-0.251,-0.972,0.08,1.434,-1.739,-0.8,-0.553,-0.382,0.74,1.799
-0.174,0.416,-0.626,0.23,0.778,-0.732,0.781,0.052,1.045,-0.201,0.381,-0.041,-0.096,0.259,0.537,-1.25,1.434,-1.86,-0.685,-0.094,0.412,1.576,-1.858,-0.508,-2.127,0.032,0.272,1.591,0.121,1.044,0.584,-0.435,-1.409,0.275,-1.492,1.295,-0.162,1.195,-0.48,0.269,0.209,-0.045,-0.433,0.392,-0.926,-1.209,1.243,0.727,0.066,1.665,-0.268,1.323,0.176,-1.025,1.848,0.991,-0.121,0.727,-0.404,0.829,-2.391,-1.02,0.979,-0.25,0.208,-1.347,1.848,1.191,-0.201,-0.405,1.03,1.982,0.954,2.172,-0.922,-0.819,-1.189,0.442,0.176,-0.152,0.809,1.232,-1.526,-0.597,0.82,-0.468,-0.798,1.019,-1.29,-0.302,0.329,-0.574,0.783,-0.569,1.409,-0.126,0.671,0.746,-0.628,-2.053,0.361,0.072,0.556,-0.227,-0.43,2.008,-1.472,0.734,-0.575,-0.336,-0.317,-0.803,0.571,1.391,0.47,0.103,-0.986,0.517,2.156,-0.381,-0.376,-0.561,-0.489,-2.745,0.405,-0.846,-1.61,0.753,-1.082,-0.339,1.466,-1.409,-1.533,0.269,1.149,-1.574,0.408,0.581,-2.059,0.799,0.877,-0.312,1.252,1.136,0.103,-0.451,-0.973,-0.038,0.57,-0.324,-8.146
-2.198,1.269,0.19,-0.38,0.857,1.525,-2.802,0.434,-1.427,0.499,0.128,0.636,-0.499,-1.873,-0.45,0.407,1.015,-1.172,1.027,-0.648,0.362,-0.51,0.182,0.892,-1.227,-0.68,0.185,2.402,-0.863,2.04,2.004,-0.097,-0.298,-0.692,-0.068,-1.407,-0.076,1.497,-0.611,-0.241,-1.701,0.374,0.264,0.064,-0.217,-0.293,0.502,-0.029,0.315,0.215,1.123,0.677,0.193,1.518,0.42,1.305,0.607,-1.842,1.305,0.135,-0.052,0.281,-0.345,0.227,-0.592,1.274,-0.114,-0.383,-0.925,0.269,0.187,0.388,-1.027,-1.601,0.626,1.485,-1.026,1.589,0.284,-0.007,-0.398,-1.385,0.988,-0.776,-0.78,0.992,-1.883,-1.524,-0.018,0.293,0.485,-0.302,2.53,-0.228,-0.231,-0.797,0.124,0.615,1.204,-1.489,-0.246,0.447,0.587,0.007,0.542,-0.809,1.558,0.993,-1.345,-1.075,-1.047,0.678,-1.285,-0.331,0.455,-0.066,0.259,-1.066,0.595,-0.613,-0.325,0.238,0.103,0.024,-0.751,-0.3,0.002,-1.375,-0.463,0.388,-1.277,1.157,1.27,-1.245,1.358,-0.144,0.419,-0.497,0.923,0.406,-0.814,-1.165,-1.46,0.188,0.572,0.651,-0.118,-1.157,-0.682,1.152,6.486
-0.485,0.143,-1.076,0.337,-0.458,1.047,0.774,-0.496,-0.127,-0.551,-1.419,-0.857,0.198,0.325,0.149,-0.302,0.933,0.064,0.703,-1.774,-3.922,0.284,-1.425,-0.212,-0.302,1.587,0.4,0.166,0.837,0.368,-0.458,1.071,-1.11,0.323,-1.548,0.204,0.193,1.676,-1.565,-0.601,0.823,0.335,0.18,-0.956,-0.591,1.245,-0.052,0.375,-0.115,-1.183,0.934,0.503,2.306,-1.016,0.823,-1.312,0.157,0.977,-2.072,-0.205,-0.563,-0.702,0.385,1.121,-0.133,0.205,0.114,0.002,-1.089,1.108,0.295,0.395,-0.807,-0.459,-0.176,-1.534,-1.688,-0.601,0.523,-0.653,-1.019,-0.815,-0.455,-0.354,2.166,1.055,1.025,1.169,-0.999,-1.222,-1.107,1.335,-0.547,-1.251,-0.431,-0.239,0.268,0.251,-0.828,0.686,-0.639,-0.156,0.687,-0.642,-0.569,0.592,-0.858,-0.385,0.556,2.054,0.605,0.473,0.531,-1.073,0.116,-0.03,0.322,0.117,0.38,-0.311,0.059,-1.228,-0.32,1.391,0.319,-0.021,1.896,-1.361,-1.109,1.713,0.046,-0.243,-1.199,0.448,0.544,-1.094,-0.14,-0.336,0.256,-1.119,1.252,0.916,-0.363,-0.216,-0.136,-0.778,-0.443,-0.27,1.613,0.947,6.891
0.935,0.37,-1.117,-0.041,0.97,-1.258,0.637,2.323,1.062,1.414,0.218,0.968,-0.718,0.796,0.654,0.29,1.316,-0.539,-0.187,0.095,-1.03,0.227,-1.719,1.047,0.047,-0.521,-0.834,-0.235,0.688,0.548,-0.706,-0.846,0.657,-0.722,0.06,0.124,0.312,0.858,-1.263,-1.911,-0.567,1.802,2.022,1.831,-0.193,-1.782,-2.343,-0.614,-0.198,1.301,0.868,0.227,-0.89,-0.961,0.254,0.697,0.392,-1.035,0.651,0.426,-1.071,-0.784,0.688,-0.235,1.589,0.501,-0.487,-0.01,0.063,-0.728,-0.913,0.701,0.845,0.604,1.515,-0.542,1.674,-0.901,-1.013,-1.76,-0.446,-0.504,0.526,0.244,-1.193,-0.393,-0.371,-1.776,-0.981,-0.771,1.434,0.191,0.662,-1.499,1.194,1.301,-1.998,-0.705,0.496,0.644,-0.678,-0.305,-0.597,0.11,1.197,-0.771,1.001,-0.782,-0.848,0.819,0.922,0.851,-1.316,-0.466,0.823,0.042,-1.074,0.458,-0.715,1.795,1.545,0.604,1.361,0.065,0.765,1.478,0.245,-0.255,-1.705,-0.083,0.823,0.946,0.504,-0.541,-1.977,-0.495,-0.304,-0.313,0.619,1.986,0.124,-0.217,-0.259,0.124,-0.828,0.12,0.451,0.21,0.458,0.434,0.918
-1.772,0.637,-0.671,-1.096,-1.104,0.434,-0.223,-1.682,0.478,-1.44,0.14,0.238,0.886,1.782,-1.365,-0.052,-0.276,0.434,0.216,-0.353,-0.441,-1.116,0.988,0.459,0.918,-0.31,-0.657,-1.078,0.359,-1.04,1.849,-1.308,0.274,1.567,0.599,0.176,-0.968,-1.382,0.77,1.506,-0.439,-1.139,-2.458,-0.981,-0.114,1.599,0.673,0.305,-0.4,-0.583,1.406,0.201,-2.103,-0.674,-0.858,-0.546,0.563,-0.107,-0.077,1.313,-0.696,1.864,-0.671,0.089,-0.281,0.123,0.445,0.434,-0.753,-1.123,2.503,-0.484,0.699,-1.608,-0.28,-0.127,0.473,-2.722,0.166,-1.15,0.324,-1.036,-0.855,-0.274,-1.052,-0.476,-1.193,-1.833,1.018,-1.296,-0.179,0.753,-0.615,-0.825,0.226,1.118,-1.169,-0.15,-1.732,-0.393,0.034,-0.855,-0.457,-1.408,0.077,1.056,-1.097,-0.623,0.503,1.212,-1.493,-0.169,0.283,-0.102,-2.477,0.501,1.519,0.117,-1.031,-0.513,1.77,0.91,0.64,0.356,-0.661,-0.201,-0.078,0.55,1.509,1.118,-1.419,0.224,0.737,0.619,-0.629,2.914,-1.277,-1.083,0.234,2.117,-0.836,-0.266,1.077,-0.018,-0.335,0.566,0.273,1.03,1.291,0.307,-7.323
0.292,0.214,0.489,0.055,-0.001,1.197,1.516,-1.508,0.01,-0.689,-0.311,0.403,0.669,-0.112,-1.913,-0.965,0.896,-2.74,1.187,0.521,1.316,-0.199,-2.061,0.43,1.275,0.925,-0.663,0.087,-0.533,-0.819,0.955,-1.198,-0.894,-1.104,-1.49,0.146,1.162,-0.185,-1.506,0.84,1.686,-0.646,-0.479,0.516,1.622,-0.52,-1.332,0.631,0.799,0.006,-0.558,0.994,0.528,-0.768,0.049,-1.352,0.686,-0.262,-0.436,-0.033,0.04,0.895,0.591,-0.156,0.764,0.401,-0.427,-0.125,-0.148,0.505,-0.367,-0.39,1.969,0.94,-0.761,0.571,0.118,0.392,0.137,1.19,0.346,-0.062,1.042,0.233,0.121,0.314,-0.094,0.009,-0.587,-0.751,-0.999,-1.392,-0.88,-0.174,0.103,-0.271,-2.356,1.575,1.086,0.446,1.907,-0.977,1.888,-0.965,0.239,-1.274,0.015,0.386,-0.155,0.714,0.099,-0.522,-0.567,0.811,-0.654,0.915,1.223,-1.669,1.133,2.06,0.252,0.599,1.037,-0.275,0.182,-1.314,0.139,0.498,0.516,1.065,-0.775,-0.533,1.896,-0.15,0.2,-0.067,-0.822,1.624,-0.528,-1.127,-0.451,-2.002,-0.651,-0.968,0.617,-0.673,0.888,1.398,0.781,-0.215,3.846
0.141,-1.525,-0.134,-0.86,0.694,2.573,0.5,-1.991,-0.361,0.122,0.087,-0.731,0.245,-1.243,-0.945,0.646,-1.016,0.538,-1.369,1.765,-0.774,-0.224,0.331,-0.565,0.143,0.575,0.961,0.791,-0.172,-0.147,2.349,0.95,-0.922,0.1,-0.335,-0.135,-1.229,-0.412,1.812,0.579,-2.491,1.217,1.09,-0.359,0.717,-0.859,-0.47,1.499,-0.272,-1.87,-0.063,-0.079,1.198,0.014,-0.422,1.045,0.121,-0.75,1.155,0.194,0.003,0.178,-1.071,-0.528,0.004,-0.195,1.272,0.217,0.855,0.009,1.056,0.398,0.013,-0.013,-0.954,0.507,-0.04,-0.502,1.106,-1.25,-0.422,1.028,0.316,-0.048,0.251,0.179,-1.517,-0.349,1.617,-0.659,-0.318,-0.542,-0.087,-0.583,0.487,0.197,0.774,-1.051,-0.34,-0.226,0.456,-0.793,0.916,1.186,-0.989,-0.491,-0.532,2.632,-0.43,1.678,-1.267,-0.99,-0.687,-0.846,-0.268,-0.709,-0.819,1.158,1.224,0.949,0.524,0.093,-0.497,-0.953,0.363,-1.174,-0.994,1.153,1.901,0.393,1.106,-0.246,-1.338,0.612,0.569,0.072,-0.242,0.962,-0.986,-0.774,-1.008,0.085,-1.088,-0.684,-0.706,-0.261,-1.487,0.087,1.247,0.135,1.21
1.541,1.334,0.778,0.075,0.023,0.764,-0.392,-1.883,0.492,-1.131,-0.962,0,-0.095,-1.412,0.165,0.966,-1.128,1.272,-1.56,2.117,-0.411,0.146,-1.892,-0.062,0.228,-0.086,-0.563,-0.947,1.131,0.031,1.541,-0.526,-0.435,0.816,-1.623,-1.213,1.097,-1.172,-1.819,1.869,-1.394,0.184,0.069,-2.811,-0.267,0.448,0.354,0.904,-0.387,0.713,-0.689,-1.41,-1.298,-1.462,1.01,-1.515,0.274,-0.266,-0.103,1.364,-0.438,0.612,0.038,-0.152,2.3,-1.441,1.289,0.656,-0.48,1.629,-1.848,-0.522,-1.208,0.412,-1.113,0.433,-0.186,-0.479,0.389,-0.269,-1.089,2.801,-0.487,-2.218,-0.842,-1.267,0.826,0.322,0.399,-0.37,-0.279,-0.371,-0.081,0.835,0.336,0.5,0.5,0.884,0.288,0.359,1.189,-0.665,-0.856,-1.186,0.183,-1.854,0.462,-0.109,1.135,-0.672,-0.203,1.122,1.383,-0.68,0.182,0.294,0.374,-0.263,1.281,-1.89,-0.421,0.448,0.457,1.353,1.198,-0.286,1.3,-0.714,0.931,1.811,1.215,0.106,-0.332,-1.529,0.311,-1.115,-0.793,-1.191,-0.46,-0.028,0.274,-0.601,1.069,-0.208,-0.788,0.226,1.964,0.335,-0.363,-1.527,13.122
-0.219,0.235,-0.388,-1.665,-0.851,1.455,1.434,-0.887,0.673,-1.179,1.404,0.245,0.95,-1.715,0.678,-0.008,0.852,0.915,0.066,-0.601,0.78,-0.06,-0.873,-0.92,-1.477,-0.51,1.103,0.178,-0.53,0.805,-0.832,0.095,-0.18,0.779,-1.577,-0.85,-1.638,-0.26,1.211,-0.505,-0.511,0.872,1.069,-0.089,0.685,-1.077,1.378,2.149,0.521,-2.084,-0.558,0.613,-0.421,1.272,0.588,-0.706,0.032,-0.894,-0.183,-0.555,1.175,2.116,-1.431,-1.923,-0.245,-1.518,0.046,0.749,1.494,0.201,-0.193,-1.978,0.026,0.071,0.639,-0.708,-0.435,-1.478,-2.291,-1.108,-1.57,0.337,-0.518,-0.538,-0.984,-3.233,1.508,-1,-0.412,-1.455,0.972,0.143,-0.826,-0.392,1.678,-0.073,-0.182,-0.941,-1.895,-0.16,0.325,1.1,-2.248,-1.125,-0.581,-0.003,-0.145,-0.122,0.408,-0.903,0.934,0.433,-0.32,1.601,1.556,0.933,-3.019,1.579,0.795,2.006,1.237,1.578,0.879,1.349,1.994,0.217,-1.572,-0.307,0.39,0.075,-1.247,-1.631,-0.741,0.808,1.58,0.917,1.057,-0.081,-1.742,-0.455,-0.259,-0.497,0.055,0.441,0.853,-0.278,-1.904,-0.483,0.044,1.223,-3.579
-0.568,0.513,0.29,0.044,0.931,-0.661,-0.575,-0.012,-0.64,0.508,-0.713,0.226,-0.1,0.215,-0.46,-0.339,0.096,0.202,-0.004,1.705,-0.991,-0.064,-1.574,0.372,-1.115,-0.278,-0.372,0.281,-0.553,-0.595,1.436,0.285,-0.561,-0.251,1.645,-0.235,-0.689,-0.685,-0.549,-0.594,-1.28,-1.124,-0.829,0.592,-0.381,-0.207,1.27,1.295,-0.282,-0.631,-0.864,0.693,-0.205,-0.386,-0.814,-0.77,0.32,-1.315,0.995,-0.534,-0.15,-1.337,-0.012,-0.328,-0.05,1.472,0.178,-0.795,-0.711,0.595,1.299,0.282,0.689,0.61,1.419,-1.95,0.667,0.984,-1.339,-0.886,-0.851,-0.729,-0.482,0.243,0.866,1.081,-0.838,-0.845,1.316,0.647,0.083,0.473,-0.03,0.525,-0.336,0.269,-1.511,-0.688,-0.677,-0.374,-0.927,-0.534,-1.514,0.549,-0.083,-1.705,-0.835,0.337,-0.543,-0.697,-0.075,0.344,-1.436,0.55,-0.8,-0.018,-0.035,-0.527,-1.024,-0.286,1.625,-1.362,1.692,-0.26,0.035,-1.087,-0.771,-0.503,-1.046,-0.209,-0.407,1.851,-1.166,0.103,0.248,-1.07,0.687,-0.398,-2.492,0.66,-1.117,-1.048,0.688,-0.347,0.918,1.21,-0.645,0.793,-0.755,2.233,-1.119
-0.693,1.026,0.844,0.316,-0.671,-0.151,-2.154,0.224,0.35,0.133,-2.973,-1.266,-0.748,0.292,0.289,-0.17,0.635,-1.026,0.61,0.475,0.378,-0.182,1.831,0.493,-0.968,0.248,0.752,-0.588,1.089,0.382,-2.342,0.3,-0.406,0.537,0.944,0.195,1.665,-0.179,0.625,0.805,-0.097,0.779,-0.595,-0.423,-1.312,0.241,0.325,1.179,0.791,-0.285,-1.178,0.433,1.111,0.755,1.084,-0.212,-0.467,-0.737,-0.056,-0.079,0.207,-0.129,-0.134,-0.777,0.942,0.077,-0.174,-0.747,-1.332,1.308,0.555,-1.624,0.763,0.922,0.124,1.598,0.217,-1.417,0.365,0.245,-0.603,0.574,-1.668,0.991,-0.878,-0.985,-0.114,0.433,0.164,-0.743,-0.506,-1.133,-0.225,1.075,-0.004,0.859,1.455,-0.588,-0.187,2.171,1.444,-1.672,0.387,0.001,0.826,-0.745,-0.84,-0.676,-0.572,0.815,-1.181,-0.623,-1.789,1.007,1.271,-0.327,-0.298,0.453,1.474,0.409,-0.698,-1.619,-1.115,0.073,-0.655,0.195,-0.553,-1.058,-1.177,1.562,0.889,1.731,0.54,-0.43,1.323,-0.033,0.221,-0.043,-2.947,1.605,0.491,0.33,-0.062,0.163,-0.597,0.617,-1.307,0.186,0.562,-0.199,9.617
0.371,-0.991,-0.966,0.237,0.679,-1.875,0.522,-0.543,-0.193,-1.34,-0.852,0.966,0.033,-0.383,-0.116,0.489,0.44,-0.075,1.093,0.97,0.413,0.055,0.657,0.314,1.061,0.9,-1.018,-1.086,-0.701,0.976,-1.576,0.395,0.363,1.163,0.18,-1.343,-0.959,-1.182,-0.538,-0.183,-1.165,1.471,-1.325,1.346,1.185,0.898,-0.694,0.342,-1.277,0.911,-0.074,-0.409,-1.224,-2.478,-1.039,1.113,-0.403,-0.169,0.656,1.806,1.325,-0.972,-1.943,2.36,2.269,0.188,-1.27,0.963,-0.108,-0.113,0.894,0.334,-1.186,-0.325,0.661,0.51,0.262,0.933,-0.362,0.179,-3.376,-0.45,0.764,-0.39,-0.466,-1.041,1.003,0.548,0.825,-1.726,-0.16,-0.28,-0.281,-0.616,-0.346,0.85,-1.913,1.777,0.484,-0.042,0.907,-1.452,-0.665,-0.121,1.366,-0.046,0.45,-0.59,0.487,1.677,0.996,-0.081,0.675,0.578,0.507,1.112,1.104,-0.127,0.642,-0.383,-0.923,-0.269,-0.076,-1.662,0.86,-2.767,2.715,1.502,-0.261,0.009,0.303,-0.589,0.193,-0.144,-0.094,0.181,-1.314,0.04,0.163,0.129,-0.216,1.138,-0.354,0.227,1.297,-0.079,0.214,-0.096,1.237,-0.258,-0.817
1.283,-0.104,-0.859,0.679,-0.305,0.621,-2.729,0.005,-0.46,-1.063,-0.553,-0.574,-0.048,-1.367,0.316,1.366,0.281,0.809,1.095,1.236,1.87,-0.499,-0.718,0.783,0.708,0.776,1.889,0.011,0.426,-0.98,2.135,-0.337,-0.308,-0.347,-0.645,-0.729,-0.524,-1.366,-0.785,1.949,0.736,0.926,1.177,1.834,-1.771,-1.23,-0.804,-0.47,-0.301,-0.447,0.219,0.035,-0.723,-2.176,-0.993,-0.549,-0.247,-1.13,-0.491,-1.131,-0.126,-1.073,-0.849,-1.309,-0.154,-0.866,0.907,0.406,-0.07,-0.797,0.381,0.691,0.143,1.604,0.46,0.914,0.134,0.676,-0.797,-0.458,0.349,0.342,0.508,1.1,-1.425,-0.974,0.23,-0.724,3.378,0.516,-0.078,-0.515,-0.48,0.03,0.112,-0.457,-0.273,1.344,1.385,0.252,-1.341,0.539,1.554,1.37,0.734,1.422,0.053,0.628,-0.681,0.292,1.33,-0.589,-0.861,0.097,-0.227,0.649,-0.453,1.718,-1.29,1.254,-0.765,-1.796,0.238,-0.255,-1.11,-1.681,-0.008,0.976,0.585,0.057,0.479,-0.027,-1.43,-1.421,-0.203,-0.161,0.851,0.757,0.605,-0.28,-1.381,0.412,0.525,-2.389,-0.834,-0.691,0.118,-0.803,-0.038,-0.211,-0.797
-0.159,-0.716,-0.639,-1.08,0.38,0.571,-0.771,1.521,-0.315,1.53,-0.642,-2.027,0.402,0.249,0.034,-0.642,-0.035,-0.511,-0.302,0.842,0.184,0.61,-0.232,-0.342,-1.153,-0.37,-3.321,-0.59,-0.082,0.564,-0.269,0.348,-2.18,-0.057,-1.68,-1.208,-0.187,1.276,0.371,0.018,-0.02,-0.714,-0.544,0.427,-1.385,0.593,-0.389,0.826,0.961,-1.673,-0.582,-0.856,-1.813,-1.033,2.441,0.61,1.917,0.829,-0.742,-0.382,0.588,0.438,-0.577,-1.51,3.288,-0.141,-0.326,0.113,-0.243,0.123,1.287,-0.125,-1.163,-0.162,-0.464,1.424,1.171,0.108,-1.279,-1.226,0.015,0.336,-0.375,-0.48,-0.593,-0.023,-2.383,-1.101,-0.627,1.208,-0.814,0.18,0.227,1.298,1.263,-0.058,-0.475,-0.664,-0.241,-0.434,0.554,0.42,0.592,1.259,1.863,0.125,1.099,-0.352,1.185,1.062,1.008,0.094,-0.668,-1.395,-0.04,1.533,-0.31,0.785,0.844,-0.284,1.316,-2.909,-1.223,-0.916,-0.82,0.336,0.29,0.394,0.596,-0.95,-1.218,0.396,-0.63,-1.57,0.971,1.395,1.557,0.187,0.626,1.37,-0.641,1.111,0.275,0.914,0.186,1.296,0.224,-1.484,1.452,-0.948,17.419
1.253,-0.09,1.176,1.135,0.43,0.509,0.423,-2.014,0.118,-1.116,0.171,-1.143,-1.185,1.605,1.069,-0.004,0.185,-0.248,0.57,-0.676,0.994,-0.253,-0.42,0.022,-0.591,0.329,-0.537,0.469,1.216,-0.719,-0.131,0.461,-0.436,0.464,0.555,1.083,-0.606,-0.943,-0.308,-0.968,0.564,-1.162,2.333,1.296,0.013,0.867,-1.637,2.523,-0.59,-0.12,-1.856,0.486,-1.106,0.102,-0.544,-1.078,-0.804,0.226,-1.281,-0.749,0.663,2.602,0.478,-0.917,-0.367,0.032,-0.349,0.903,0.217,0.908,-0.314,1.326,-0.166,-0.971,2.177,-1.825,-0.739,-0.627,2.508,1.807,1.494,-0.331,2.426,0.368,0.977,0.18,-0.049,-0.252,-0.21,0.608,0.367,-0.031,1.51,-2.967,0.51,0.718,1.147,-0.065,0.208,0.986,1.491,-0.301,0.267,1.679,-2.124,-0.69,1.466,1.093,0.522,-0.449,-0.882,-0.591,1.548,-0.628,0.101,-0.754,0.843,-0.539,-0.098,-1.683,-1.613,0.008,-1.325,2.105,-2.062,-0.8,0.017,-0.365,-1.104,-0.958,-0.991,-0.287,1.952,0.078,1.183,0.507,1.114,-2.8,-0.304,1.307,-0.572,1.762,1.484,-0.469,-0.503,-1.014,-0.63,-1.233,0.429,-1.456,15.295
0.604,0.628,-1.661,1.55,0.514,0.75,-0.759,0.622,1.126,-0.099,2.002,0.044,1.141,0.293,0.586,-1.671,0.371,-0.735,-0.846,1.744,-0.214,-1.003,-0.359,-1.3,1.434,-0.696,0.529,1.356,-0.5,0.532,-1.03,2.446,0.936,-0.193,-0.773,-0.114,-0.34,1.953,-1.226,0.135,-0.018,-0.117,-0.109,-0.116,0.873,0.609,0.419,-3.034,0.3,-1.656,0.646,1.474,-0.926,-0.262,-0.599,1.235,0.095,1.728,0.414,0.242,0.068,0.818,-1.738,0.085,-0.07,0.725,-0.188,-1.039,0.007,-1.083,-1.925,0.727,0.579,0.467,1.303,-0.665,-1.431,-0.07,-0.348,-0.842,-0.08,-0.612,-1.836,-0.441,-1.136,0.232,-0.656,1.112,1.604,0.679,-1.551,1.505,1.576,0.019,1.323,-0.552,-1.866,-0.76,1.729,-1.491,0,0.034,-0.513,-0.444,0.072,-0.562,-1.422,0.215,1.073,0.87,-0.81,-1.251,-0.284,1.568,0.646,0.704,0.89,0.421,0.121,0.662,-0.546,-1.414,0.723,1.238,-1.118,0.822,1.681,-0.002,-0.818,0.123,-0.551,-0.617,0.433,-1.604,-1.444,0.019,-0.022,0.344,1.875,0.105,0.598,-0.976,0.768,-0.526,0.071,-0.109,1.033,-1.31,-2.283,-0.213,-9.609
0.469,0.152,1.232,0.437,-0.564,-2.325,-0.237,1.028,-0.392,0.028,0.421,-1.015,0.623,1.637,-0.173,-1.129,-0.067,-2.224,0.337,0.452,1.676,-0.194,0.408,-0.861,-0.356,-1.525,-0.195,-0.305,0.299,-0.624,0.083,-0.333,-0.331,0.08,0.041,0.761,-0.121,-0.35,-0.181,-0.715,-0.36,2.031,-0.913,-0.279,-0.387,-0.247,-0.331,0.279,-1.71,1.037,0.633,-1.243,-2.269,-0.977,-0.243,2.58,0.543,-1.808,-0.69,-0.053,0.254,-1.315,-0.135,-0.718,-1.104,0.26,0.774,0.841,0.574,-0.497,0.715,0.309,0.134,-0.612,-0.497,0.074,2.44,0.301,-0.611,-0.832,-0.492,2.177,-0.399,0.907,-0.376,0.261,0.792,-0.572,-0.641,1.659,0.985,0.791,0.787,0.46,2.018,0.044,0.577,-1.451,-0.825,-1.201,1.274,-2.553,-0.402,-2.994,-0.831,-0.491,1.385,0.397,-0.833,1.066,0.018,0.038,-1.203,-0.99,-0.825,0.046,0.078,1.544,0.385,-2.708,0.263,-1.45,-0.966,-0.812,-0.663,-1.375,0.203,-1.411,0.357,2.237,-1.329,-0.285,-2.523,-0.301,0.643,0.721,0.077,0.889,2.546,1.712,-0.523,-1.451,-0.406,-0.947,0.451,-1.181,-0.073,0.838,-0.101,-0.946,-0.067
1.175,-1.879,-0.328,-0.042,0.016,0.18,0.61,-0.035,-0.368,-0.408,-0.612,0.788,-0.647,0.847,0.019,-0.521,0.618,-0.727,0.638,0.213,-0.596,0.529,0.547,1.158,0.966,0.491,-1.128,2.449,-1.404,0.949,0.431,-1.174,-0.124,-0.079,1.306,-0.713,-0.262,-2.336,1.735,-1.07,0.327,-0.101,-0.098,0.81,1.671,0.251,0.655,0.329,1.018,-0.463,1.075,1.11,1.083,-0.66,-0.168,0.239,-1.371,1.595,-0.012,0.284,-0.577,-1.327,-0.604,0.219,0.673,0.162,0.347,-0.337,0.496,1.483,0.705,0.81,0.294,-1.503,-1.045,0.455,-0.011,0.44,1.676,0.726,1.259,0.095,-0.807,-0.058,-0.805,1.558,0.79,0.521,1.236,-2.02,0.588,-1.311,-0.007,-0.312,0.662,0.228,1.345,-0.602,0.709,0.162,-1.635,-0.919,-0.15,1.112,0.464,-1.168,-0.14,2.018,0.111,-0.327,0.492,0.763,-0.456,0.503,-0.329,0.719,0.17,0.482,-0.759,-0.821,0.945,-0.079,0.285,-0.306,0.899,-0.608,-0.136,0.786,1.173,-0.524,1.96,0.313,-1.043,0.369,-0.383,0.434,-0.043,0.074,-0.912,0.99,-1.156,-1.109,0.367,1.603,-0.353,0.701,1.073,0.815,-0.311,-1.091,-0.102
-2.208,-0.263,1.178,-1.124,0.7,-0.95,0.106,0.708,-0.659,0.17,-0.415,0.705,0.235,0.057,1.558,0.662,-0.69,-0.086,-0.076,0.08,2.525,0.371,-2.036,-0.543,-1.932,-0.33,-1.987,-0.872,-1.521,0.384,0.001,0.303,-0.105,-1.394,0.514,1.922,0.409,-0.426,-1.428,-0.908,0.453,1.073,0.261,0.8,0.708,0.507,-0.658,0.174,-0.848,0.017,0.331,1.679,-1.31,0.482,1.481,0.759,0.833,0.588,1.298,-1.087,-1.386,-0.006,-2.161,1.231,1.221,-0.433,-0.371,-0.072,0.052,0.127,0.558,-0.173,0.943,0.446,-0.607,1.335,-1.358,-0.092,0.967,-0.723,0.31,0.543,-0.861,-0.072,-0.157,-0.552,2.302,-0.763,1.005,-0.393,-1.087,0.103,0.649,0.921,1.562,2.945,0.251,-0.663,0.453,-0.266,0.926,-1.297,2.368,0.856,-1.684,-0.709,0.816,1.176,-1.272,0.713,-1.947,-0.089,1.112,-0.552,-1.507,0.146,-0.605,0.63,-0.885,-0.773,-2.021,0.17,-0.161,-1.188,0.194,1.027,-0.216,0.268,0.273,-1.204,2.057,-0.471,0.656,0.769,-0.14,0.607,0.246,-1.418,-0.332,-0.613,-0.462,-1.304,1.126,1.602,0.978,1.271,-0.345,-0.636,-0.779,0.644,3.372
0.227,-0.077,1.295,0.405,-0.839,-0.681,0.682,1.042,0.552,1.897,1.635,0.441,-0.839,-1.31,-0.387,0.753,1.827,0.417,1.169,-0.245,0.623,0.823,-1.98,-0.413,0.95,0.274,-1.197,-2.43,-0.366,-0.072,-0.884,0.143,0.506,0.671,-2.356,-1.314,-0.305,0.572,0.489,0.472,-0.383,-0.328,-0.728,0.768,-0.92,0.85,0.208,-0.045,-0.657,-1.356,-0.648,-0.33,-2.369,-0.197,0.924,0.567,-0.496,0.047,-0.556,0.149,1.54,0.968,0.521,-0.493,0.75,-1.687,-0.252,0.584,0.74,0.67,0.295,-0.196,0.538,-0.953,-0.845,0.062,0.173,-1.826,0.455,0.773,-0.077,2.374,-0.683,-0.361,-0.395,-0.076,-0.329,-1.407,-0.547,-0.098,1.229,2.202,1.335,-0.775,-0.696,-0.159,1.785,-0.165,-1.328,-0.501,0.757,0.69,-0.2,0.683,-2.273,0.104,0.861,-0.833,-0.836,-1.866,1.59,-0.72,0.241,0.604,1.512,-0.154,-0.539,0.173,1.284,-0.17,-0.955,-1.541,-1.221,0.864,-0.321,-0.608,-0.716,0.085,-0.239,-0.273,1.349,1.538,-1.61,0.328,-0.777,-0.248,0.309,-0.213,0.23,0.673,0.295,-0.647,-0.629,-1.44,-0.854,1.962,-0.792,-1.193,0.32,-0.11,5.711
-0.196,1.409,0.549,-0.53,-0.424,-0.503,0.875,-0.308,-1.793,-0.048,-1.537,2.184,-0.966,-0.162,0.258,-0.289,-0.29,0.422,1.526,0.768,1.479,-1.047,0.317,0.155,0.351,1.376,-0.221,-0.406,0.534,-1.778,-0.237,-0.134,-0.92,1.057,-1.062,-0.136,0.293,1.353,-0.011,0.936,0.701,0.123,-1.09,-1.435,0.107,-0.543,0.919,0.746,-0.185,-1.158,0.511,-1.018,-0.758,-0.979,-0.139,1.17,-0.005,-0.443,-1.526,0.552,-0.78,0.118,-0.354,0.838,-0.157,-0.059,0.486,2.107,0.888,-0.089,0.003,-0.525,-0.95,-0.553,-0.772,0.653,-1.071,1.333,0.752,0.021,0,-0.557,0.27,1.088,-0.703,-1.533,0.703,0.324,-1.12,-0.733,-0.859,-0.725,-0.324,-0.267,-0.651,-0.758,-0.229,0.168,-0.316,1.159,0.508,-1.591,0.524,0.606,-0.435,-1.495,0.008,-0.008,-1.122,-1.451,-0.088,-0.233,-0.417,-0.083,-1.103,-0.435,0.533,-0.35,-1.672,-0.473,-1.07,0.267,0.319,-1.659,0.759,-1.112,1.559,-0.049,-1.246,-1.142,0.348,-0.391,-0.097,1.613,-0.699,0.06,1.42,0.271,-1.607,0.505,-1.163,1.407,-0.823,2.97,1.467,-0.797,0.02,0.754,0.784,0.442,-9.809
1.252,-0.123,-0.367,-0.347,0.858,0.365,0.291,0.795,-2.051,0.31,0.219,1.669,-1.529,1.557,0.075,0.489,1.676,0.561,0.4,0.242,-0.483,-0.028,-0.716,-0.045,-2.336,0.429,-0.122,-0.336,0.22,-1.434,1.929,-0.103,-0.146,-0.965,0.024,1.387,1.036,0.854,0.546,-0.359,-1.45,-0.201,-0.236,1.049,0.309,1.612,1.197,-0.456,-1.795,1.386,1.359,-1.366,1.509,0.382,0.161,1.615,1.345,0.651,0.473,0.616,-0.4,-0.055,-0.902,-0.333,-0.367,-0.635,0.137,-0.324,0.502,-1.622,-0.113,0.132,-0.311,-0.172,-1.585,0.356,0.648,0.494,1.039,0.202,0.479,0.156,0.688,-1.577,-0.894,1.587,-2.46,-0.14,1.172,-0.093,-0.405,0.129,-0.353,0.031,-0.683,1.109,1.423,-0.133,-1.386,-0.524,-0.184,0.506,-1.008,-0.769,0.511,0.939,-0.622,-1.333,3.284,0.783,-0.267,0.869,-0.124,0.867,0.159,0.091,-0.114,-1.447,1.938,-0.942,-1.36,-0.213,-0.961,-0.052,0.688,0.995,0.815,-0.306,0.05,0.408,-1.758,0.571,-1.457,2.04,-0.405,-0.185,-0.77,-0.63,2.274,0.94,-1.549,1.504,1.193,-0.281,0.307,-0.015,1.973,-0.796,0.146,-0.428,-7.618
-1.433,2.192,-1.182,0.22,-1.741,-0.399,0.422,-0.825,0.587,-0.269,1.16,1.362,-0.587,0.077,0.183,0.619,0.014,0.19,-0.243,0.115,1.298,0.646,0.701,0.723,-0.154,0.319,-1.085,1.269,-2.783,-0.087,1.141,-1.364,0.4,-0.681,-0.369,0.946,0.198,-2.034,-0.976,0.975,0.449,1.748,1.683,-0.342,2.503,0.024,-0.963,-0.634,-2.257,1.607,1.595,-1.016,-0.228,0.096,-0.96,-1.755,-0.21,-0.321,-0.388,0.223,1.43,-0.303,0.17,0.727,0.554,-0.614,0.096,0.548,-1.128,1.264,1.432,-0.723,0.194,0.642,-0.546,0.482,0.163,-1.468,0.459,-1.1,0.939,-0.671,-0.161,1.372,0.496,-1.079,-1.015,-0.599,0.395,0.358,-0.843,-1.167,0.282,-0.182,2.157,0.037,1.814,-1.17,-1.573,-1.12,1.189,1.756,-0.782,-0.461,-1.169,-1.812,0.718,0.223,0.01,-1.4,1.64,-0.503,0.534,-1.455,-0.191,0.291,0.327,0.155,0.495,-1.131,0.197,0.114,0.232,0.072,-1.273,-1.318,-2.214,0.818,0.828,0.844,0.307,-2.133,-1.027,0.17,0.136,-0.223,0.369,0.012,0.121,-0.639,0.982,-0.431,-1.331,-0.771,-0.348,0.994,-0.042,-0.186,-1.249,0.785,1.014
-0.652,-0.1,1.48,0.509,-1.628,-1.77,-0.064,-1.213,0.649,0.042,0.165,-0.707,1.741,2.843,-0.279,0.353,0.097,-0.26,-0.832,-1.085,-1.136,0.405,-0.52,-2.578,0.445,-0.038,1.347,0.373,-1.479,-2.23,-0.719,-0.625,0.943,-0.009,1.134,-1.325,0.965,0.721,-2.018,1.323,0.093,0.392,-0.865,1.275,-1.186,0.832,0.821,-0.974,1.983,0.232,0.654,-1.527,2.118,-1.225,1.025,-0.995,-0.619,0.789,1.028,-1.271,1.09,1.045,-0.938,1.599,-1.457,-0.625,0.479,-0.854,0.264,0.241,-0.187,0.832,-0.228,0.232,1.146,0.791,0.786,-1.149,0.525,-0.878,-1.281,-0.072,-0.904,0.791,0.815,-1.903,-0.828,-1.46,-0.463,0.455,-0.242,-0.59,1.3,-2.305,1.237,-0.544,-0.078,-0.527,1.543,-1.231,0.012,0.527,-1.611,-0.92,-0.148,-0.887,-0.816,-0.35,0.65,-0.343,1.078,-0.998,-1.252,1.926,-0.658,-1.311,-1.742,1.075,-0.341,-0.254,-0.159,1.013,-0.18,2.344,0.134,1.062,0.805,-0.036,-0.587,0.332,0.51,-0.573,0.166,1.236,2.07,0.854,1.863,-0.629,0.702,1.339,-0.896,-0.486,1.738,-0.975,-1.341,1.528,1.197,0.432,-0.046,-0.439,1.236
0.282,1.58,0.239,2.167,-0.898,-0.02,-0.373,-1.085,-0.153,0.417,0.524,2.17,0.464,1.15,0.066,1.678,2.398,0.531,-0.993,-0.549,0.282,0.456,0.698,0.46,0.007,-0.636,0.401,1.855,1.02,0.535,1.03,-0.371,-0.508,-0.748,-0.125,-0.422,1.208,-0.475,-0.803,1.943,-0.451,0.154,0.451,-1.137,1.235,0.637,1.558,-0.679,0.099,0.039,0.264,-1.455,0.111,-1.426,0.358,-2.129,-1.852,0.819,-0.547,-0.988,1.271,0.328,0.872,-0.166,2.68,-0.605,1.744,-0.061,-1.655,0.483,0.315,-1.051,-0.922,-0.025,0.35,-2.471,1.053,-0.494,-1.332,0.941,-0.024,1.216,0.438,-0.002,-0.153,0.483,-0.414,-0.853,0.61,-0.144,0.034,1.089,-0.114,0.015,-0.6,0.431,0.35,0.901,-0.579,-0.458,0.792,0.252,-0.906,1.307,-1.698,0.784,-1.265,1.886,-1.545,1.152,-0.082,-0.367,0.185,0.632,-0.904,-0.816,0.65,-1.707,-0.584,3.041,-0.968,1.148,-0.586,0.509,0.654,1.129,-0.2,1.989,-0.589,0.234,0.245,-1.122,-0.286,0.162,-0.432,2.441,-0.839,1.179,0.856,-0.014,-0.865,-0.768,-0.518,-1.786,-1.003,-1.482,1.346,0.618,0.786,0.589,0.075
0.167,1.461,-0.611,0.107,0.747,-1.321,3.097,0.029,0.142,1.257,0.915,0.038,0.13,-1.504,-0.556,0.517,0.444,1.221,-0.121,-1.387,1.057,1.436,0.898,-0.164,1.044,3.429,0.115,-1.312,-0.586,0.625,-1.605,0.169,0.38,1.535,1.31,0.865,-2.163,0.921,0.706,0.256,-1.73,-0.777,-1.167,-2.015,-0.003,-0.798,2.625,-0.169,1.294,-1.569,-0.53,0.097,-0.908,-0.422,-0.218,-0.234,1.855,0.378,0.48,0.54,0.613,-0.083,-0.321,0.167,1.157,1.126,-0.24,0.768,-0.195,0.034,-0.474,-0.182,1.341,0.092,0.135,-1.447,-0.309,-0.241,-0.829,0.022,-0.429,0.08,0.122,-0.956,-0.399,0.077,1.184,0.257,-0.662,0.399,1.708,0.917,0.548,0.726,1.44,1.076,0.567,1.069,-1.082,-1.502,0.157,0.069,-0.544,0.826,-1.863,-0.535,-0.485,-1.636,1.495,-1.359,-0.588,0.908,0.646,-1.108,0.682,0.29,2.333,0.404,-0.141,-0.857,-0.744,-0.826,1.371,0.018,0.565,1.514,-2.358,1.279,0.055,0.435,-0.828,-0.755,0.489,2.385,1.003,1.266,-0.192,-0.6,-0.781,-0.488,-2.053,-0.725,-0.56,-0.175,0.132,0.362,-0.015,-0.581,-1.963,-0.575,6.034
-0.972,0.466,0.909,0.939,0.757,-0.134,-0.522,-0.747,-1.507,0.992,-0.175,-1.246,-0.826,-0.867,0.043,1.067,-0.348,-2.253,-0.189,-0.156,-0.225,-0.627,0.217,0.066,-0.025,0.413,-0.43,-0.487,1.38,0.559,0.827,1.226,0.526,0.928,-1.579,0.204,-0.183,1.678,0.928,-0.63,0.373,0.168,0.454,-1.019,0.36,-0.228,0.282,-0.724,-0.585,1.174,-1.052,-0.978,-0.052,-0.772,-0.885,0.105,-1.505,-1.008,2.054,0.459,-0.747,0.418,0.567,0.994,-0.127,0.976,-2.038,-1.056,0.164,0.33,-0.912,0.259,-0.624,-0.277,1.025,0.909,-0.997,-1.057,-0.411,-0.027,-0.658,1.041,0.347,0.406,-1.267,1.167,-2.82,0.834,0.934,-0.432,1.273,-0.063,0.062,0.34,3.187,1.344,0.701,-0.913,0.144,-0.813,0.822,0.14,-1.125,0.081,-0.849,0.151,-0.859,0.027,0.75,-0.053,-0.391,0.203,0.697,-1.107,0.261,1.318,0.574,0.058,0.64,0.452,0.754,-2.024,-1.553,1.005,-1.505,0.402,-0.352,-0.996,0.35,0.201,2.11,-0.625,1.44,0.352,-0.661,0.799,0.566,0.036,0.266,-0.597,-0.826,0.759,-0.224,-0.08,0.28,0.265,-1.429,1.286,0.121,-0.203,9.223
0.431,0.237,0.767,0.538,0.718,1.351,0.884,-0.16,-1.123,1.668,-0.238,-0.473,-1.737,0.338,0.149,-1.515,0.453,-0.498,2.69,-0.569,-0.435,-0.875,1.278,-0.373,-0.725,0.707,-1.38,0.625,1.781,0.567,0.638,0.87,1.71,1.21,0.44,0.904,-0.886,0.776,-1.006,-0.367,-3.083,0.401,-0.644,1.111,0.39,1.124,-1.084,1.038,2.106,0.764,0.79,0.17,-0.525,0.761,-1.506,-0.418,-1.771,-0.704,0.642,0.505,0.051,0.17,-1.886,-0.373,-0.681,-0.659,0.6,-0.861,-0.605,-2.087,-0.294,-1.088,0.079,-0.951,0.105,-0.145,1.672,0.497,-1.84,-1.265,0.055,-0.93,-2.968,1.35,0.72,0.521,-0.607,0.428,-0.704,0.205,-0.921,1.516,-1.57,1.232,0.039,-0.489,0.167,0.733,1.367,0.313,-0.891,0.056,1.817,1.348,0.909,0.796,0.699,1.159,-0.457,-1.355,0.069,-0.818,-1.055,-0.72,2.485,0.136,0.362,-1.222,-1.844,-0.819,1.438,0.334,0.599,0.739,-0.591,1.388,-0.633,1.406,0.442,-1.789,-0.748,-1.785,1.163,-0.025,-2.228,0.376,-0.537,-1.484,1.678,0.107,-0.293,-0.399,-1.513,-1.305,1.285,-0.474,0.022,-2.044,-1.318,0.61,2.404
0.378,1.753,1.343,-0.231,0.473,-0.317,2.055,1.149,0.17,0.2,1.445,0.58,1.559,-2.194,0.461,-0.515,1.756,1.546,0.033,1.536,1.783,0.074,2.472,-0.031,-0.215,0.866,-0.354,0.085,1.409,0.019,-1.695,0.367,-0.696,0.865,0.696,1.471,0.908,1.09,-0.669,0.804,1.968,-0.689,1.8,-0.549,-0.852,0.296,0.716,0.912,-0.962,0.435,-0.686,-1.489,-0.929,-0.751,0.522,1.152,-1.473,0.352,-1.177,0.629,-0.623,-1.051,0.8,-0.587,-0.316,-2.22,0.947,0.821,0.005,-1.528,1.209,-0.666,-0.453,2.312,-0.704,0.742,0.562,0.39,0.282,0.376,0.272,-0.052,1.511,-1.313,1.021,0.822,0.698,1.117,-0.093,-1.869,-0.072,-0.991,-0.732,-1.242,-0.477,-0.597,-2.378,0.7,2.22,0.606,-0.203,-0.055,-0.421,0.09,-0.037,-0.841,1.683,-1.487,0.718,-0.101,1.901,0.341,-0.36,-0.248,0.04,-1.143,-0.767,-1.785,-0.923,0.094,0.3,-1.979,-0.137,0.563,-0.163,-0.634,-0.412,-0.541,-0.637,0.174,2.308,-0.744,-0.318,-0.052,-0.687,1.098,-2.371,-0.531,0.818,-0.294,-0.821,0.441,0.906,0.211,-0.801,0.456,-0.402,0.745,1.483,-2.606,3.06
0.111,-1.736,2.442,-0.468,0.746,-0.035,-0.803,-0.922,1.586,0.956,1.944,0.055,0.288,-0.267,-0.287,-1.042,0.084,-0.789,0.442,0.17,0.288,1.675,-0.038,0.757,2.052,1.307,1.153,-0.307,0.23,-1.318,0.499,0.274,0.023,1.027,-1.208,1.635,0.902,-0.071,-0.149,0.481,1.521,0.102,0.144,0.018,1.782,-0.369,-0.03,1.463,0.147,1.137,-0.911,-0.205,1.484,-0.676,-0.151,0.257,-0.989,-0.414,0.113,0.047,1.28,1.541,-0.856,0.111,0.674,1.516,0.718,0.291,0.667,0.674,-0.928,0.193,1.459,-0.207,0.129,-0.243,-2.314,0.021,0.302,-0.512,-1.155,-0.881,0.764,1.973,1.382,-1.344,0.855,-0.663,-0.582,-0.462,0.706,0.959,-0.098,-0.081,0.464,0.568,1.176,-1.284,0.02,-1.068,-0.051,-0.226,-0.047,-0.8,-1.487,-2.094,-0.131,-0.431,-0.676,1.323,-0.859,1.417,1.624,-1.951,0.092,-0.4,-2.912,-1.445,0.775,2.019,0.903,0.324,-0.021,1.683,2.148,-0.587,-2,-2.098,1.322,-0.047,0.183,-1.791,-0.753,-0.295,0.208,-0.399,-1.037,-0.785,1.208,0.245,0.612,-0.899,-2.954,-0.523,-0.867,0.349,3.286,0.695,2.736,0.569,5.954
-0.63,0.348,1.781,1.83,-0.575,0.253,-1.429,0.825,1.553,0.04,-0.667,0.36,0.417,0.081,0.179,-0.174,0.996,0.736,-0.983,-1.011,-0.254,0.737,0.148,-0.643,0.262,-0.331,0.88,0.333,-0.315,0.232,1.315,-0.57,0.403,-0.07,0.427,-0.655,0.11,1.108,-0.937,-1.329,-1.291,-1.171,0.595,-1.406,-0.298,0.618,0.417,-0.386,0.191,0.107,-0.224,-0.211,2.235,0.809,2.481,-0.497,-0.085,-1.332,-0.81,1.902,-0.522,1.919,-1.243,-1.053,-0.341,-0.064,0.923,0.451,-0.416,-0.133,-0.319,-0.915,-0.888,1.028,-1.828,1.617,-0.343,-0.773,0.74,1.485,1.118,0.502,1.087,-1.716,-0.522,-0.911,1.225,-0.383,0.845,0.536,-0.862,-0.587,1.294,-0.775,0.125,-0.783,-0.314,-0.046,-0.783,-0.96,0.286,-0.845,-0.811,-0.939,-0.078,0.944,1.507,-0.726,2.15,-1.005,1.084,-0.722,-0.871,-0.745,-0.052,0.58,0.67,-0.944,-0.99,-0.917,-0.111,-0.21,-0.95,0.27,2.263,-0.505,-0.434,0.56,-0.559,0.669,-0.719,1.832,0.345,-0.62,-0.589,-0.514,1.373,-1.269,-0.668,-0.562,-0.016,-0.271,-1.491,-0.4,-0.1,-0.628,0.687,0.919,-0.078,0.231,5.465
-2.161,-0.421,1.005,-0.423,-0.737,2.278,1.819,0.468,1.139,-2.226,-0.788,-0.47,-0.236,-0.49,-2.55,0.386,0.544,1.602,-0.788,-0.87,-2.68,-0.294,0.901,-0.612,2.143,-0.257,0.147,-1.363,0.287,-1.979,0.694,0.724,1.359,-1.02,0.161,0.564,0.442,-0.865,-2.392,0.347,-0.152,-0.567,0.764,-0.045,-1.319,-1.931,-1.129,2.393,0.723,0.189,-0.182,-0.247,1.167,-0.491,0.577,-0.348,1.94,0.742,1.246,-0.584,1.058,-0.313,0.11,1.635,-1.043,0.203,0.438,0.52,-0.451,2.086,-1.295,1.459,1.215,1.901,-1.588,-0.869,1.492,-1.877,-1.606,-0.488,0.192,1.592,-0.185,-0.608,0.311,0.47,0.441,-0.178,-1.955,-0.918,1.42,0.187,-0.323,1.118,-1.13,-0.225,0.138,-0.441,0.101,-0.188,-1.399,0.181,-1.328,0.166,1.374,-0.281,-1.171,-0.127,-0.832,0.595,-0.148,1.71,1.163,-0.153,0.716,-0.393,0.034,-0.361,0.766,1.433,0.799,0.922,0.923,0.551,-1.139,1.701,1.804,-0.234,-0.371,0.612,0.551,-0.202,-1.25,0.306,0.551,0.726,0.349,-0.271,0.994,0.066,-0.465,-0.181,-1.746,-0.182,0.688,0.34,1.521,-0.263,0.487,0.793,9.021
2.343,0.145,-1.044,0.848,1.866,-0.323,0.841,1.229,1.017,0.126,-0.698,-0.081,0.459,0.908,0.334,-0.38,0.555,0.86,0.38,-0.836,-0.181,0.948,-1.383,-2.093,1.508,0.511,0.607,-1.077,0.738,0.275,-1.584,1.424,0.159,-0.396,-0.378,-2.015,0.593,0.262,-0.194,1.278,-1.384,-0.597,-0.85,-0.279,0.067,0.43,-0.347,-0.877,1.686,2.412,0.143,-0.757,1.475,-1.447,-0.335,-0.696,-1.16,-0.28,-0.864,0.013,0.027,-0.621,-0.371,-0.231,0.81,-0.148,0.825,0.586,0.572,1.388,-1.119,-0.473,1.763,-0.257,-2.815,-0.203,0.135,-2.617,1.334,-0.714,0.329,-0.226,-1.288,-1.071,-0.935,1.086,-0.148,-0.522,-0.935,1.196,1.464,1.185,0.492,0.29,-1.216,-0.246,-0.684,-1.826,1.057,-0.696,1.196,0.882,0.557,0.613,-0.615,1.858,0.043,0.302,-0.649,-0.931,0.477,0.218,-0.789,-1.438,-1.27,1.196,-0.613,-0.339,1.45,-1.122,-0.727,-0.769,1.618,1.993,0.752,0.783,-0.58,1.947,0.268,0.853,-0.106,-0.268,1.663,0.54,1.451,0.255,-0.848,-0.583,0.103,-0.627,-1.107,1.201,-0.545,0.138,0.296,-0.588,1.451,-1.117,0.262,0.246,9.028
-0.054,-1.297,0.871,0.744,-0.676,0.707,0.375,-1.281,-0.854,1.138,0.309,-0.564,-0.858,-0.515,-0.444,-0.846,-1.742,1.14,0.971,-1.273,0.136,-0.902,-0.262,-0.345,-0.428,2.003,-0.44,-0.808,-0.763,1.044,-1.652,-0.763,1.447,0.244,0.192,2.132,0.246,-0.708,-0.282,-1.135,1.256,0.575,1.124,1.213,-0.414,-0.945,-0.052,-0.873,0.165,1.132,-0.168,0.15,-0.094,0.803,-0.668,-2.196,0.471,0.988,0.446,-0.64,-1.135,0.494,0.141,-0.126,1.822,-0.947,1.775,0.032,-1.836,-0.179,0.959,-0.365,-1.475,-0.165,-0.857,0.492,0.773,-1.056,-0.706,0.757,-0.859,-1.082,-1.179,0.352,0.309,-0.684,0.005,1.527,-0.974,-1.952,0.455,-0.11,-0.71,0.652,0.839,-2.208,-0.653,2.318,0.583,0.676,1.173,0.017,0.797,0.718,0.539,-0.322,0.172,-0.588,0.013,-1.168,-0.791,-0.282,-0.944,-0.505,-0.164,0.402,0.949,-0.464,1.335,0.939,0.504,0.154,0.319,1.187,1.224,1.335,0.041,0.555,1.344,-0.624,-0.318,0.016,0.9,0.915,-0.231,-1.509,0.246,-0.918,-1.49,-1.264,0.326,1.361,0.039,0.211,1.183,-1.544,0.52,-0.012,0.566,-0.483,10.176
-0.818,0.141,1.649,0.861,-0.508,-1.341,-1.682,1.316,-0.955,-0.326,1.321,-1.614,1.492,-0.254,-1.149,-0.247,-0.723,0.441,-0.648,-1.912,-0.221,-1.357,0.204,-1.187,-0.488,0.183,-0.212,0.25,0.68,-1.158,-0.064,-3.33,0.247,-0.301,-0.983,0.316,1.173,-0.476,-0.945,0.165,-1.336,-0.66,1.222,0.062,-1.879,-1.797,0.162,0.862,-1.618,0.45,1.33,1.888,0.331,0.507,-2.133,2.1,-0.575,-0.933,-0.255,1.512,2.208,0.125,0.998,0.043,-1.038,1.477,-0.622,1.536,1.299,0.614,1.829,2.232,-0.175,-0.809,-1.864,2.245,-0.44,1.135,-0.741,1.538,-0.7,-1.192,-0.209,-0.532,0.596,-0.051,0.628,-0.291,-0.665,-0.584,2.045,0.225,-1.984,-0.52,0.097,1.845,1.029,-0.922,2.418,-0.031,1.246,-1.155,-2.398,-1.408,-3.25,2.112,0.215,-0.925,0.453,0.189,0.621,1.21,-0.29,-0.88,0.828,0.802,0.101,2.178,-0.438,-0.9,0.418,-0.675,0.496,-0.833,-0.4,1.891,-0.406,-0.799,1.171,-1.051,-0.693,0.577,0.938,1.22,-0.747,0.596,-0.466,-0.606,1.203,-0.55,0.278,0.156,-1.071,0.966,0.56,-1.986,0.277,-0.773,1.097,-1.445,7.713
-0.356,0.362,0.054,0.763,-1.518,1.652,0.525,1.36,0.874,-0.012,-1.284,-0.564,1.59,1.385,-0.62,-2.818,-0.213,-0.288,-0.25,0.529,0.876,0.99,0.446,-1.801,-0.341,2.304,0.374,0.368,0.359,0.415,-2.383,-0.24,-0.038,1.281,0.048,-1.647,0.43,-0.804,-1.217,-0.834,0.543,1.259,0.483,0.632,0.473,0.101,0.697,-2.419,0.111,-1.045,1.163,-0.147,0.031,-1.505,1.017,0.627,0.557,-0.813,-0.774,0.224,-0.694,0.435,-2.161,-0.488,1.797,0.439,0.167,1.985,-2.336,-0.815,-0.401,0.858,0.876,-0.866,0.998,-0.403,1.212,-1.033,-0.123,-0.49,1.056,-0.523,-0.042,0.507,0.545,0.887,0.211,-0.418,-0.35,0.026,0.25,-0.147,0.019,-1.517,0.667,0.181,1.002,0,-1.738,-0.358,-0.2,0.743,-2.07,0.041,0.514,-0.661,0.075,-0.627,-0.73,-0.408,-0.711,0.684,-0.735,-0.903,1.768,0.961,-1.862,-0.765,0.242,0.324,-1.49,1.159,0.825,0.482,1.357,0.452,0.449,1.558,1.101,-0.842,0.633,-0.664,0.504,0.477,-1.383,-0.122,0.265,-0.436,0.315,0.806,-0.031,0.225,1.383,0.473,0.201,-0.958,0.671,0.33,1.284,0.047,3.82
-1.816,-1.7,0.736,-0.57,0.437,0.114,-0.167,-0.096,-0.865,-0.016,-0.584,-0.372,-0.324,-0.227,0.922,-0.13,1.024,1.538,0.855,0.534,0.327,0.865,0.089,0.985,0.614,-0.36,0.896,0.091,-0.106,-0.476,0.166,0.996,0.889,0.353,0.6,1.272,-0.15,-1.115,1.301,-0.53,-0.69,-1.796,0.571,-1.621,-0.75,0.588,0.722,-0.652,-0.134,-0.873,-0.548,0.266,-0.502,-0.244,-1.465,1.133,0.51,0.793,1.29,-0.825,-0.358,-1.895,3.14,-0.15,1.039,-1.238,0.996,1.858,-0.06,-1.011,-0.139,-2.227,-0.038,0.821,-0.036,-0.284,0.528,0.604,-1.66,0.089,2.436,-1.335,-0.085,1.942,1.104,-0.513,0.206,-0.002,-0.748,-0.074,-0.28,0.113,-0.748,-1.277,-0.041,1.715,0.082,-0.332,0.754,-0.158,1.868,-0.004,0.7,-0.755,0.503,0.275,-0.057,-0.502,-0.638,0.282,0.629,-0.127,0.287,-0.038,0.099,-0.2,0.018,2.698,0.312,0.645,0.438,-0.263,1.294,-0.291,1.055,-0.334,-0.96,0.365,-1.105,0.536,-1.194,-0.319,-1.432,2.824,-1.654,0.01,1.143,1.036,0.851,-0.317,1.351,0.913,0.212,0.241,-0.304,-0.91,1.237,1.312,-0.884,-0.154,-6.02
